Canal,Treatment,Transect,Substrate,Bottle,Event,Date,Biomass_per_Area,TSS.mgmL,Ext.Coeff,PAR.30da,AQI.30da,PM.30da,SpC.uS.cm.,pH,Temp.30da,o.Phosphate.ug.L.PW,Ammonium.mg.L.PW,Fluoride.ppb.PW,Nitrite.ppb.PW,Bromide.ppb.PW,Nitrate.ppb.PW,TDC.mg.L.PW,DOC.mg.L.PW,TDN.ug.L.PW,o.Phosphate.ug.L.SW,Ammonium.mg.L.SW,Fluoride.ppb.SW,Nitrite.ppb.SW,Bromide.ppb.SW,Nitrate.ppb.SW,TDC.mg.L.SW,DOC.mg.L.SW,TDN.ug.L.SW,Flow.cms.30da,Sed.Bulk.Density.g.mL.,Sed.PercentOM,Sed.pH,GPP.mg.per.g.per.hr,CR.mg.per.g.per.hr,WinklerTotalSed.g,WinklerSedOM.g,WinklerSedPerOM
A,C,1,Plant,74A,1,6/7/2021,7.947178356,0.014320988,0.0363,667.4362493,47.66666667,2.396333333,266.4,8.34,16.84590408,NA,0.006941933,106.1369863,5,5,NA,2.610228676,1.815002774,192.9206349,7.181,0.008237761,224.0547945,5,37.11111111,62.90909091,22.68648087,13.53483894,279,2.467245015,1.8346,1.13,7.29,0,1.704582938,NA,NA,NA
A,C,1,Plant,74B,1,6/7/2021,7.947178356,0.014320988,0.0363,667.4362493,47.66666667,2.396333333,266.4,8.34,16.84590408,NA,0.006941933,106.1369863,5,5,NA,2.610228676,1.815002774,192.9206349,7.181,0.008237761,224.0547945,5,37.11111111,62.90909091,22.68648087,13.53483894,279,2.467245015,1.8346,1.13,7.29,2.080389151,1.32607355,NA,NA,NA
A,C,1,Plant,74C,1,6/7/2021,7.947178356,0.014320988,0.0363,667.4362493,47.66666667,2.396333333,266.4,8.34,16.84590408,NA,0.006941933,106.1369863,5,5,NA,2.610228676,1.815002774,192.9206349,7.181,0.008237761,224.0547945,5,37.11111111,62.90909091,22.68648087,13.53483894,279,2.467245015,1.8346,1.13,7.29,5.794295505,2.231134096,NA,NA,NA
A,C,1,Sed,148A,3,8/10/2021,0,0.057808219,0.0455,630.4937558,77.63333333,46.69633333,380.4,8.03,23.81792718,31.2085,0.050344035,98.34931509,5,5,238.1818182,NA,NA,NA,22.205,0.027995269,362,5,44.77777778,83.09090909,27.15604496,16.43454848,415.1904762,4.491551738,1.8978,0.61,7.59,NA,1.103181029,65.79,0.26,0.395196838
A,C,1,Sed,148B,3,8/10/2021,0,0.057808219,0.0455,630.4937558,77.63333333,46.69633333,380.4,8.03,23.81792718,31.2085,0.050344035,98.34931509,5,5,238.1818182,NA,NA,NA,22.205,0.027995269,362,5,44.77777778,83.09090909,27.15604496,16.43454848,415.1904762,4.491551738,1.8978,0.61,7.59,NA,1.05691866,67.93,0.25,0.368025909
A,C,1,Sed,148C,3,8/10/2021,0,0.057808219,0.0455,630.4937558,77.63333333,46.69633333,380.4,8.03,23.81792718,31.2085,0.050344035,98.34931509,5,5,238.1818182,NA,NA,NA,22.205,0.027995269,362,5,44.77777778,83.09090909,27.15604496,16.43454848,415.1904762,4.491551738,1.8978,0.61,7.59,NA,1.053281912,65.44,0.24,0.366748166
A,C,1,Sed,55A,1,6/7/2021,7.947178356,0.014320988,0.0363,667.4362493,47.66666667,2.396333333,266.4,8.34,16.84590408,NA,0.006941933,106.1369863,5,5,NA,2.610228676,1.815002774,192.9206349,7.181,0.008237761,224.0547945,5,37.11111111,62.90909091,22.68648087,13.53483894,279,2.467245015,1.8346,1.13,7.29,NA,0.304294041,56.17,0.57,1.014776571
A,C,1,Sed,55B,1,6/7/2021,7.947178356,0.014320988,0.0363,667.4362493,47.66666667,2.396333333,266.4,8.34,16.84590408,NA,0.006941933,106.1369863,5,5,NA,2.610228676,1.815002774,192.9206349,7.181,0.008237761,224.0547945,5,37.11111111,62.90909091,22.68648087,13.53483894,279,2.467245015,1.8346,1.13,7.29,NA,0.413651461,45.79,0.46,1.004586154
A,C,1,Sed,55C,1,6/7/2021,7.947178356,0.014320988,0.0363,667.4362493,47.66666667,2.396333333,266.4,8.34,16.84590408,NA,0.006941933,106.1369863,5,5,NA,2.610228676,1.815002774,192.9206349,7.181,0.008237761,224.0547945,5,37.11111111,62.90909091,22.68648087,13.53483894,279,2.467245015,1.8346,1.13,7.29,NA,0.607605263,55.02,0.57,1.035986914
A,C,2,Plant,122A,2,7/6/2021,2.786946158,0.006911765,0.0278,705.6437839,49.3,4.147666667,360,8.06,20.73907909,33.322,0.072834397,110.1917808,5,5,219.0227273,3.533294355,2.501174897,297.6507937,NA,0.045533306,276.0410959,48.83870968,40.33333333,215.3181818,25.52705775,15.06383604,518.047619,3.67690166,2.0314,0.47,7.74,0,1.441751142,NA,NA,NA
A,C,2,Plant,122B,2,7/6/2021,2.786946158,0.006911765,0.0278,705.6437839,49.3,4.147666667,360,8.06,20.73907909,33.322,0.072834397,110.1917808,5,5,219.0227273,3.533294355,2.501174897,297.6507937,NA,0.045533306,276.0410959,48.83870968,40.33333333,215.3181818,25.52705775,15.06383604,518.047619,3.67690166,2.0314,0.47,7.74,0,1.15218305,NA,NA,NA
A,C,2,Plant,122C,2,7/6/2021,2.786946158,0.006911765,0.0278,705.6437839,49.3,4.147666667,360,8.06,20.73907909,33.322,0.072834397,110.1917808,5,5,219.0227273,3.533294355,2.501174897,297.6507937,NA,0.045533306,276.0410959,48.83870968,40.33333333,215.3181818,25.52705775,15.06383604,518.047619,3.67690166,2.0314,0.47,7.74,0,1.125675695,NA,NA,NA
A,C,2,Sed,121A,2,7/6/2021,2.786946158,0.006911765,0.0278,705.6437839,49.3,4.147666667,360,8.06,20.73907909,33.322,0.072834397,110.1917808,5,5,219.0227273,3.533294355,2.501174897,297.6507937,NA,0.045533306,276.0410959,48.83870968,40.33333333,215.3181818,25.52705775,15.06383604,518.047619,3.67690166,2.0314,0.47,7.74,NA,0.469217687,66.87,0.28,0.418722895
A,C,2,Sed,121B,2,7/6/2021,2.786946158,0.006911765,0.0278,705.6437839,49.3,4.147666667,360,8.06,20.73907909,33.322,0.072834397,110.1917808,5,5,219.0227273,3.533294355,2.501174897,297.6507937,NA,0.045533306,276.0410959,48.83870968,40.33333333,215.3181818,25.52705775,15.06383604,518.047619,3.67690166,2.0314,0.47,7.74,NA,0.448349694,67.45,0.33,0.489251297
A,C,2,Sed,121C,2,7/6/2021,2.786946158,0.006911765,0.0278,705.6437839,49.3,4.147666667,360,8.06,20.73907909,33.322,0.072834397,110.1917808,5,5,219.0227273,3.533294355,2.501174897,297.6507937,NA,0.045533306,276.0410959,48.83870968,40.33333333,215.3181818,25.52705775,15.06383604,518.047619,3.67690166,2.0314,0.47,7.74,NA,0.452959423,69.38,0.28,0.403574517
A,C,2,NA,NA,1,6/7/2021,8.07161013,0.014320988,0.0363,667.4362493,47.66666667,2.396333333,266.4,8.34,16.84590408,NA,0.006941933,106.1369863,5,5,NA,2.610228676,1.815002774,192.9206349,7.181,0.008237761,224.0547945,5,37.11111111,62.90909091,22.68648087,13.53483894,279,2.467245015,NA,NA,NA,NA,NA,NA,NA,NA
A,C,2,NA,NA,3,8/10/2021,0,0.057808219,0.0455,630.4937558,77.63333333,46.69633333,380.4,8.03,23.81792718,31.2085,0.050344035,98.34931509,5,5,238.1818182,NA,NA,NA,22.205,0.027995269,362,5,44.77777778,83.09090909,27.15604496,16.43454848,415.1904762,4.491551738,NA,NA,NA,NA,NA,NA,NA,NA
A,C,3,Plant,21A,1,6/7/2021,8.619080873,0.014320988,0.0363,667.4362493,47.66666667,2.396333333,266.4,8.34,16.84590408,NA,0.006941933,106.1369863,5,5,NA,2.610228676,1.815002774,192.9206349,7.181,0.008237761,224.0547945,5,37.11111111,62.90909091,22.68648087,13.53483894,279,2.467245015,2.0542,0.51,7.43,2.09565737,0.972153817,NA,NA,NA
A,C,3,Plant,21B,1,6/7/2021,8.619080873,0.014320988,0.0363,667.4362493,47.66666667,2.396333333,266.4,8.34,16.84590408,NA,0.006941933,106.1369863,5,5,NA,2.610228676,1.815002774,192.9206349,7.181,0.008237761,224.0547945,5,37.11111111,62.90909091,22.68648087,13.53483894,279,2.467245015,2.0542,0.51,7.43,3.456864181,1.628153991,NA,NA,NA
A,C,3,Plant,21C,1,6/7/2021,8.619080873,0.014320988,0.0363,667.4362493,47.66666667,2.396333333,266.4,8.34,16.84590408,NA,0.006941933,106.1369863,5,5,NA,2.610228676,1.815002774,192.9206349,7.181,0.008237761,224.0547945,5,37.11111111,62.90909091,22.68648087,13.53483894,279,2.467245015,2.0542,0.51,7.43,0,1.608799063,NA,NA,NA
A,C,3,Sed,97A,1,6/7/2021,8.619080873,0.014320988,0.0363,667.4362493,47.66666667,2.396333333,266.4,8.34,16.84590408,NA,0.006941933,106.1369863,5,5,NA,2.610228676,1.815002774,192.9206349,7.181,0.008237761,224.0547945,5,37.11111111,62.90909091,22.68648087,13.53483894,279,2.467245015,2.0542,0.51,7.43,NA,0.498218498,69.7,0.29,0.416068867
A,C,3,Sed,97B,1,6/7/2021,8.619080873,0.014320988,0.0363,667.4362493,47.66666667,2.396333333,266.4,8.34,16.84590408,NA,0.006941933,106.1369863,5,5,NA,2.610228676,1.815002774,192.9206349,7.181,0.008237761,224.0547945,5,37.11111111,62.90909091,22.68648087,13.53483894,279,2.467245015,2.0542,0.51,7.43,NA,0.37207801,65.63,0.29,0.441871096
A,C,3,Sed,97C,1,6/7/2021,8.619080873,0.014320988,0.0363,667.4362493,47.66666667,2.396333333,266.4,8.34,16.84590408,NA,0.006941933,106.1369863,5,5,NA,2.610228676,1.815002774,192.9206349,7.181,0.008237761,224.0547945,5,37.11111111,62.90909091,22.68648087,13.53483894,279,2.467245015,2.0542,0.51,7.43,NA,0.479025243,68.87,0.3,0.435603311
A,C,4,NA,NA,2,7/6/2021,41.2247453,0.006911765,0.0278,705.6437839,49.3,4.147666667,360,8.06,20.73907909,33.322,0.072834397,110.1917808,5,5,219.0227273,3.533294355,2.501174897,297.6507937,NA,0.045533306,276.0410959,48.83870968,40.33333333,215.3181818,25.52705775,15.06383604,518.047619,3.67690166,NA,NA,NA,NA,NA,NA,NA,NA
A,C,4,NA,NA,1,6/7/2021,6.831081765,0.014320988,0.0363,667.4362493,47.66666667,2.396333333,266.4,8.34,16.84590408,NA,0.006941933,106.1369863,5,5,NA,2.610228676,1.815002774,192.9206349,7.181,0.008237761,224.0547945,5,37.11111111,62.90909091,22.68648087,13.53483894,279,2.467245015,NA,NA,NA,NA,NA,NA,NA,NA
A,C,5,Plant,128A,2,7/6/2021,9.684171532,0.006911765,0.0278,705.6437839,49.3,4.147666667,360,8.06,20.73907909,33.322,0.072834397,110.1917808,5,5,219.0227273,3.533294355,2.501174897,297.6507937,NA,0.045533306,276.0410959,48.83870968,40.33333333,215.3181818,25.52705775,15.06383604,518.047619,3.67690166,NA,NA,NA,1.412112536,1.01982518,NA,NA,NA
A,C,5,Plant,128B,2,7/6/2021,9.684171532,0.006911765,0.0278,705.6437839,49.3,4.147666667,360,8.06,20.73907909,33.322,0.072834397,110.1917808,5,5,219.0227273,3.533294355,2.501174897,297.6507937,NA,0.045533306,276.0410959,48.83870968,40.33333333,215.3181818,25.52705775,15.06383604,518.047619,3.67690166,NA,NA,NA,0,0.856257883,NA,NA,NA
A,C,5,Plant,128C,2,7/6/2021,9.684171532,0.006911765,0.0278,705.6437839,49.3,4.147666667,360,8.06,20.73907909,33.322,0.072834397,110.1917808,5,5,219.0227273,3.533294355,2.501174897,297.6507937,NA,0.045533306,276.0410959,48.83870968,40.33333333,215.3181818,25.52705775,15.06383604,518.047619,3.67690166,NA,NA,NA,0,1.062072073,NA,NA,NA
A,C,5,Plant,67A,1,6/7/2021,8.133354364,0.014320988,0.0363,667.4362493,47.66666667,2.396333333,266.4,8.34,16.84590408,NA,0.006941933,106.1369863,5,5,NA,2.610228676,1.815002774,192.9206349,7.181,0.008237761,224.0547945,5,37.11111111,62.90909091,22.68648087,13.53483894,279,2.467245015,1.9722,0.45,7.24,0.408070624,1.003447986,NA,NA,NA
A,C,5,Plant,67B,1,6/7/2021,8.133354364,0.014320988,0.0363,667.4362493,47.66666667,2.396333333,266.4,8.34,16.84590408,NA,0.006941933,106.1369863,5,5,NA,2.610228676,1.815002774,192.9206349,7.181,0.008237761,224.0547945,5,37.11111111,62.90909091,22.68648087,13.53483894,279,2.467245015,1.9722,0.45,7.24,0,1.561844221,NA,NA,NA
A,C,5,Plant,67C,1,6/7/2021,8.133354364,0.014320988,0.0363,667.4362493,47.66666667,2.396333333,266.4,8.34,16.84590408,NA,0.006941933,106.1369863,5,5,NA,2.610228676,1.815002774,192.9206349,7.181,0.008237761,224.0547945,5,37.11111111,62.90909091,22.68648087,13.53483894,279,2.467245015,1.9722,0.45,7.24,3.278772935,5.096890269,NA,NA,NA
A,C,5,Sed,116A,3,8/10/2021,0,0.057808219,0.0455,630.4937558,77.63333333,46.69633333,380.4,8.03,23.81792718,31.2085,0.050344035,98.34931509,5,5,238.1818182,NA,NA,NA,22.205,0.027995269,362,5,44.77777778,83.09090909,27.15604496,16.43454848,415.1904762,4.491551738,1.895,0.6,7.46,NA,2.870309921,62.08,0.41,0.660438144
A,C,5,Sed,116B,3,8/10/2021,0,0.057808219,0.0455,630.4937558,77.63333333,46.69633333,380.4,8.03,23.81792718,31.2085,0.050344035,98.34931509,5,5,238.1818182,NA,NA,NA,22.205,0.027995269,362,5,44.77777778,83.09090909,27.15604496,16.43454848,415.1904762,4.491551738,1.895,0.6,7.46,NA,1.995435559,59.82,0.33,0.551654965
A,C,5,Sed,116C,3,8/10/2021,0,0.057808219,0.0455,630.4937558,77.63333333,46.69633333,380.4,8.03,23.81792718,31.2085,0.050344035,98.34931509,5,5,238.1818182,NA,NA,NA,22.205,0.027995269,362,5,44.77777778,83.09090909,27.15604496,16.43454848,415.1904762,4.491551738,1.895,0.6,7.46,NA,2.487565255,63.89,0.3,0.469557051
A,C,5,Sed,71A,1,6/7/2021,8.133354364,0.014320988,0.0363,667.4362493,47.66666667,2.396333333,266.4,8.34,16.84590408,NA,0.006941933,106.1369863,5,5,NA,2.610228676,1.815002774,192.9206349,7.181,0.008237761,224.0547945,5,37.11111111,62.90909091,22.68648087,13.53483894,279,2.467245015,1.9722,0.45,7.24,NA,0.429769148,62.74,0.27,0.430347466
A,C,5,Sed,71B,1,6/7/2021,8.133354364,0.014320988,0.0363,667.4362493,47.66666667,2.396333333,266.4,8.34,16.84590408,NA,0.006941933,106.1369863,5,5,NA,2.610228676,1.815002774,192.9206349,7.181,0.008237761,224.0547945,5,37.11111111,62.90909091,22.68648087,13.53483894,279,2.467245015,1.9722,0.45,7.24,NA,NA,63.8,0.22,0.344827586
A,C,5,Sed,71C,1,6/7/2021,8.133354364,0.014320988,0.0363,667.4362493,47.66666667,2.396333333,266.4,8.34,16.84590408,NA,0.006941933,106.1369863,5,5,NA,2.610228676,1.815002774,192.9206349,7.181,0.008237761,224.0547945,5,37.11111111,62.90909091,22.68648087,13.53483894,279,2.467245015,1.9722,0.45,7.24,NA,0.440794355,64.38,0.24,0.37278658
A,T,1,NA,NA,3,8/10/2021,0,0.057808219,0.0455,630.4937558,77.63333333,46.69633333,380.4,8.03,23.81792718,31.2085,0.050344035,98.34931509,5,5,238.1818182,NA,NA,NA,22.205,0.027995269,362,5,44.77777778,83.09090909,27.15604496,16.43454848,415.1904762,4.491551738,NA,NA,NA,NA,NA,NA,NA,NA
A,T,1,NA,NA,2,7/6/2021,43.74319957,0.006911765,0.0278,705.6437839,49.3,4.147666667,360,8.06,20.73907909,33.322,0.072834397,110.1917808,5,5,219.0227273,3.533294355,2.501174897,297.6507937,NA,0.045533306,276.0410959,48.83870968,40.33333333,215.3181818,25.52705775,15.06383604,518.047619,3.67690166,NA,NA,NA,NA,NA,NA,NA,NA
A,T,2,NA,NA,3,8/10/2021,0,0.057808219,0.0455,630.4937558,77.63333333,46.69633333,380.4,8.03,23.81792718,31.2085,0.050344035,98.34931509,5,5,238.1818182,NA,NA,NA,22.205,0.027995269,362,5,44.77777778,83.09090909,27.15604496,16.43454848,415.1904762,4.491551738,NA,NA,NA,NA,NA,NA,NA,NA
A,T,4,NA,NA,2,7/6/2021,39.3891574,0.006911765,0.0278,705.6437839,49.3,4.147666667,360,8.06,20.73907909,33.322,0.072834397,110.1917808,5,5,219.0227273,3.533294355,2.501174897,297.6507937,NA,0.045533306,276.0410959,48.83870968,40.33333333,215.3181818,25.52705775,15.06383604,518.047619,3.67690166,NA,NA,NA,NA,NA,NA,NA,NA
A,T,4,NA,NA,3,8/10/2021,0,0.057808219,0.0455,630.4937558,77.63333333,46.69633333,380.4,8.03,23.81792718,31.2085,0.050344035,98.34931509,5,5,238.1818182,NA,NA,NA,22.205,0.027995269,362,5,44.77777778,83.09090909,27.15604496,16.43454848,415.1904762,4.491551738,NA,NA,NA,NA,NA,NA,NA,NA
A,T,5,NA,NA,2,7/6/2021,21.29341757,0.006911765,0.0278,705.6437839,49.3,4.147666667,360,8.06,20.73907909,33.322,0.072834397,110.1917808,5,5,219.0227273,3.533294355,2.501174897,297.6507937,NA,0.045533306,276.0410959,48.83870968,40.33333333,215.3181818,25.52705775,15.06383604,518.047619,3.67690166,NA,NA,NA,NA,NA,NA,NA,NA
A,T,6,Plant,137A,2,7/6/2021,17.133333,0.006911765,0.0278,705.6437839,49.3,4.147666667,360,8.06,20.73907909,33.322,0.072834397,110.1917808,5,5,219.0227273,3.533294355,2.501174897,297.6507937,NA,0.045533306,276.0410959,48.83870968,40.33333333,215.3181818,25.52705775,15.06383604,518.047619,3.67690166,NA,NA,NA,0.775486472,0.976326738,NA,NA,NA
A,T,6,Plant,137B,2,7/6/2021,17.133333,0.006911765,0.0278,705.6437839,49.3,4.147666667,360,8.06,20.73907909,33.322,0.072834397,110.1917808,5,5,219.0227273,3.533294355,2.501174897,297.6507937,NA,0.045533306,276.0410959,48.83870968,40.33333333,215.3181818,25.52705775,15.06383604,518.047619,3.67690166,NA,NA,NA,0.042929061,1.318202345,NA,NA,NA
A,T,6,Plant,137C,2,7/6/2021,17.133333,0.006911765,0.0278,705.6437839,49.3,4.147666667,360,8.06,20.73907909,33.322,0.072834397,110.1917808,5,5,219.0227273,3.533294355,2.501174897,297.6507937,NA,0.045533306,276.0410959,48.83870968,40.33333333,215.3181818,25.52705775,15.06383604,518.047619,3.67690166,NA,NA,NA,0.409810443,1.102170433,NA,NA,NA
A,T,6,Sed,10A,1,6/7/2021,3.29879229,0.014320988,0.0363,667.4362493,47.66666667,2.396333333,266.4,8.34,16.84590408,NA,0.006941933,106.1369863,5,5,NA,2.610228676,1.815002774,192.9206349,7.181,0.008237761,224.0547945,5,37.11111111,62.90909091,22.68648087,13.53483894,279,2.467245015,1.9898,0.45,6.45,NA,NA,69.55,0.25,0.35945363
A,T,6,Sed,10B,1,6/7/2021,3.29879229,0.014320988,0.0363,667.4362493,47.66666667,2.396333333,266.4,8.34,16.84590408,NA,0.006941933,106.1369863,5,5,NA,2.610228676,1.815002774,192.9206349,7.181,0.008237761,224.0547945,5,37.11111111,62.90909091,22.68648087,13.53483894,279,2.467245015,1.9898,0.45,6.45,NA,0.564096231,66.08,0.29,0.438861985
A,T,6,Sed,10C,1,6/7/2021,3.29879229,0.014320988,0.0363,667.4362493,47.66666667,2.396333333,266.4,8.34,16.84590408,NA,0.006941933,106.1369863,5,5,NA,2.610228676,1.815002774,192.9206349,7.181,0.008237761,224.0547945,5,37.11111111,62.90909091,22.68648087,13.53483894,279,2.467245015,1.9898,0.45,6.45,NA,0.468077009,68.49,0.28,0.408818806
A,T,6,NA,NA,3,8/10/2021,0,0.057808219,0.0455,630.4937558,77.63333333,46.69633333,380.4,8.03,23.81792718,31.2085,0.050344035,98.34931509,5,5,238.1818182,NA,NA,NA,22.205,0.027995269,362,5,44.77777778,83.09090909,27.15604496,16.43454848,415.1904762,4.491551738,NA,NA,NA,NA,NA,NA,NA,NA
A,T,7,Plant,140A,2,7/6/2021,9.454000582,0.006911765,0.0278,705.6437839,49.3,4.147666667,360,8.06,20.73907909,33.322,0.072834397,110.1917808,5,5,219.0227273,3.533294355,2.501174897,297.6507937,NA,0.045533306,276.0410959,48.83870968,40.33333333,215.3181818,25.52705775,15.06383604,518.047619,3.67690166,1.763,1.59,6.14,0,1.20298015,NA,NA,NA
A,T,7,Plant,140B,2,7/6/2021,9.454000582,0.006911765,0.0278,705.6437839,49.3,4.147666667,360,8.06,20.73907909,33.322,0.072834397,110.1917808,5,5,219.0227273,3.533294355,2.501174897,297.6507937,NA,0.045533306,276.0410959,48.83870968,40.33333333,215.3181818,25.52705775,15.06383604,518.047619,3.67690166,1.763,1.59,6.14,0.020546028,1.294589644,NA,NA,NA
A,T,7,Plant,140C,2,7/6/2021,9.454000582,0.006911765,0.0278,705.6437839,49.3,4.147666667,360,8.06,20.73907909,33.322,0.072834397,110.1917808,5,5,219.0227273,3.533294355,2.501174897,297.6507937,NA,0.045533306,276.0410959,48.83870968,40.33333333,215.3181818,25.52705775,15.06383604,518.047619,3.67690166,1.763,1.59,6.14,1.992675668,1.178671913,NA,NA,NA
A,T,7,Sed,139A,2,7/6/2021,9.454000582,0.006911765,0.0278,705.6437839,49.3,4.147666667,360,8.06,20.73907909,33.322,0.072834397,110.1917808,5,5,219.0227273,3.533294355,2.501174897,297.6507937,NA,0.045533306,276.0410959,48.83870968,40.33333333,215.3181818,25.52705775,15.06383604,518.047619,3.67690166,1.763,1.59,6.14,NA,1.078362291,45.8,0.74,1.615720524
A,T,7,Sed,139B,2,7/6/2021,9.454000582,0.006911765,0.0278,705.6437839,49.3,4.147666667,360,8.06,20.73907909,33.322,0.072834397,110.1917808,5,5,219.0227273,3.533294355,2.501174897,297.6507937,NA,0.045533306,276.0410959,48.83870968,40.33333333,215.3181818,25.52705775,15.06383604,518.047619,3.67690166,1.763,1.59,6.14,NA,0.963111303,54.47,0.85,1.560492014
A,T,7,Sed,139C,2,7/6/2021,9.454000582,0.006911765,0.0278,705.6437839,49.3,4.147666667,360,8.06,20.73907909,33.322,0.072834397,110.1917808,5,5,219.0227273,3.533294355,2.501174897,297.6507937,NA,0.045533306,276.0410959,48.83870968,40.33333333,215.3181818,25.52705775,15.06383604,518.047619,3.67690166,1.763,1.59,6.14,NA,0.789491213,56.04,0.96,1.713062099
A,T,7,NA,NA,1,6/7/2021,2.40155636,0.014320988,0.0363,667.4362493,47.66666667,2.396333333,266.4,8.34,16.84590408,NA,0.006941933,106.1369863,5,5,NA,2.610228676,1.815002774,192.9206349,7.181,0.008237761,224.0547945,5,37.11111111,62.90909091,22.68648087,13.53483894,279,2.467245015,NA,NA,NA,NA,NA,NA,NA,NA
A,T,8,Sed,118A,3,8/10/2021,0,0.057808219,0.0455,630.4937558,77.63333333,46.69633333,380.4,8.03,23.81792718,31.2085,0.050344035,98.34931509,5,5,238.1818182,NA,NA,NA,22.205,0.027995269,362,5,44.77777778,83.09090909,27.15604496,16.43454848,415.1904762,4.491551738,1.8734,0.79,7.45,NA,0.781584169,62.32,0.48,0.770218228
A,T,8,Sed,118B,3,8/10/2021,0,0.057808219,0.0455,630.4937558,77.63333333,46.69633333,380.4,8.03,23.81792718,31.2085,0.050344035,98.34931509,5,5,238.1818182,NA,NA,NA,22.205,0.027995269,362,5,44.77777778,83.09090909,27.15604496,16.43454848,415.1904762,4.491551738,1.8734,0.79,7.45,NA,0.87629523,67.27,0.48,0.713542441
A,T,8,Sed,118C,3,8/10/2021,0,0.057808219,0.0455,630.4937558,77.63333333,46.69633333,380.4,8.03,23.81792718,31.2085,0.050344035,98.34931509,5,5,238.1818182,NA,NA,NA,22.205,0.027995269,362,5,44.77777778,83.09090909,27.15604496,16.43454848,415.1904762,4.491551738,1.8734,0.79,7.45,NA,0.868000536,57.96,0.45,0.776397516
A,T,8,NA,NA,1,6/7/2021,1.626559525,0.014320988,0.0363,667.4362493,47.66666667,2.396333333,266.4,8.34,16.84590408,NA,0.006941933,106.1369863,5,5,NA,2.610228676,1.815002774,192.9206349,7.181,0.008237761,224.0547945,5,37.11111111,62.90909091,22.68648087,13.53483894,279,2.467245015,NA,NA,NA,NA,NA,NA,NA,NA
A,T,9,Plant,72A,1,6/7/2021,6.415912815,0.014320988,0.0363,667.4362493,47.66666667,2.396333333,266.4,8.34,16.84590408,NA,0.006941933,106.1369863,5,5,NA,2.610228676,1.815002774,192.9206349,7.181,0.008237761,224.0547945,5,37.11111111,62.90909091,22.68648087,13.53483894,279,2.467245015,1.9028,0.79,7.11,0,1.693826583,NA,NA,NA
A,T,9,Plant,72B,1,6/7/2021,6.415912815,0.014320988,0.0363,667.4362493,47.66666667,2.396333333,266.4,8.34,16.84590408,NA,0.006941933,106.1369863,5,5,NA,2.610228676,1.815002774,192.9206349,7.181,0.008237761,224.0547945,5,37.11111111,62.90909091,22.68648087,13.53483894,279,2.467245015,1.9028,0.79,7.11,0,2.6719626,NA,NA,NA
A,T,9,Plant,72C,1,6/7/2021,6.415912815,0.014320988,0.0363,667.4362493,47.66666667,2.396333333,266.4,8.34,16.84590408,NA,0.006941933,106.1369863,5,5,NA,2.610228676,1.815002774,192.9206349,7.181,0.008237761,224.0547945,5,37.11111111,62.90909091,22.68648087,13.53483894,279,2.467245015,1.9028,0.79,7.11,0,1.758275687,NA,NA,NA
A,T,9,Sed,60A,1,6/7/2021,6.415912815,0.014320988,0.0363,667.4362493,47.66666667,2.396333333,266.4,8.34,16.84590408,NA,0.006941933,106.1369863,5,5,NA,2.610228676,1.815002774,192.9206349,7.181,0.008237761,224.0547945,5,37.11111111,62.90909091,22.68648087,13.53483894,279,2.467245015,1.9028,0.79,7.11,NA,0.376111785,63.05,0.91,1.443298969
A,T,9,Sed,60B,1,6/7/2021,6.415912815,0.014320988,0.0363,667.4362493,47.66666667,2.396333333,266.4,8.34,16.84590408,NA,0.006941933,106.1369863,5,5,NA,2.610228676,1.815002774,192.9206349,7.181,0.008237761,224.0547945,5,37.11111111,62.90909091,22.68648087,13.53483894,279,2.467245015,1.9028,0.79,7.11,NA,NA,63.96,0.56,0.875547217
A,T,9,Sed,60C,1,6/7/2021,6.415912815,0.014320988,0.0363,667.4362493,47.66666667,2.396333333,266.4,8.34,16.84590408,NA,0.006941933,106.1369863,5,5,NA,2.610228676,1.815002774,192.9206349,7.181,0.008237761,224.0547945,5,37.11111111,62.90909091,22.68648087,13.53483894,279,2.467245015,1.9028,0.79,7.11,NA,0.421208753,58.91,0.71,1.205228314
A,T,10,Plant,146A,2,7/6/2021,26.1360844,0.006911765,0.0278,705.6437839,49.3,4.147666667,360,8.06,20.73907909,33.322,0.072834397,110.1917808,5,5,219.0227273,3.533294355,2.501174897,297.6507937,NA,0.045533306,276.0410959,48.83870968,40.33333333,215.3181818,25.52705775,15.06383604,518.047619,3.67690166,1.5412,2.91,6.66,0.050087623,1.499151242,NA,NA,NA
A,T,10,Plant,146B,2,7/6/2021,26.1360844,0.006911765,0.0278,705.6437839,49.3,4.147666667,360,8.06,20.73907909,33.322,0.072834397,110.1917808,5,5,219.0227273,3.533294355,2.501174897,297.6507937,NA,0.045533306,276.0410959,48.83870968,40.33333333,215.3181818,25.52705775,15.06383604,518.047619,3.67690166,1.5412,2.91,6.66,1.201630636,1.391826121,NA,NA,NA
A,T,10,Plant,146C,2,7/6/2021,26.1360844,0.006911765,0.0278,705.6437839,49.3,4.147666667,360,8.06,20.73907909,33.322,0.072834397,110.1917808,5,5,219.0227273,3.533294355,2.501174897,297.6507937,NA,0.045533306,276.0410959,48.83870968,40.33333333,215.3181818,25.52705775,15.06383604,518.047619,3.67690166,1.5412,2.91,6.66,0.908635217,1.544126392,NA,NA,NA
A,T,10,Plant,30A,1,6/7/2021,7.886804789,0.014320988,0.0363,667.4362493,47.66666667,2.396333333,266.4,8.34,16.84590408,NA,0.006941933,106.1369863,5,5,NA,2.610228676,1.815002774,192.9206349,7.181,0.008237761,224.0547945,5,37.11111111,62.90909091,22.68648087,13.53483894,279,2.467245015,1.9292,0.84,7.25,1.011863158,2.101186245,NA,NA,NA
A,T,10,Plant,30B,1,6/7/2021,7.886804789,0.014320988,0.0363,667.4362493,47.66666667,2.396333333,266.4,8.34,16.84590408,NA,0.006941933,106.1369863,5,5,NA,2.610228676,1.815002774,192.9206349,7.181,0.008237761,224.0547945,5,37.11111111,62.90909091,22.68648087,13.53483894,279,2.467245015,1.9292,0.84,7.25,2.881207388,4.18846077,NA,NA,NA
A,T,10,Plant,30C,1,6/7/2021,7.886804789,0.014320988,0.0363,667.4362493,47.66666667,2.396333333,266.4,8.34,16.84590408,NA,0.006941933,106.1369863,5,5,NA,2.610228676,1.815002774,192.9206349,7.181,0.008237761,224.0547945,5,37.11111111,62.90909091,22.68648087,13.53483894,279,2.467245015,1.9292,0.84,7.25,0,1.905619546,NA,NA,NA
A,T,10,Sed,144A,2,7/6/2021,26.1360844,0.006911765,0.0278,705.6437839,49.3,4.147666667,360,8.06,20.73907909,33.322,0.072834397,110.1917808,5,5,219.0227273,3.533294355,2.501174897,297.6507937,NA,0.045533306,276.0410959,48.83870968,40.33333333,215.3181818,25.52705775,15.06383604,518.047619,3.67690166,1.5412,2.91,6.66,NA,0.779167542,34.2,0.91,2.660818713
A,T,10,Sed,144B,2,7/6/2021,26.1360844,0.006911765,0.0278,705.6437839,49.3,4.147666667,360,8.06,20.73907909,33.322,0.072834397,110.1917808,5,5,219.0227273,3.533294355,2.501174897,297.6507937,NA,0.045533306,276.0410959,48.83870968,40.33333333,215.3181818,25.52705775,15.06383604,518.047619,3.67690166,1.5412,2.91,6.66,NA,0.793385905,36.12,1.02,2.823920266
A,T,10,Sed,144C,2,7/6/2021,26.1360844,0.006911765,0.0278,705.6437839,49.3,4.147666667,360,8.06,20.73907909,33.322,0.072834397,110.1917808,5,5,219.0227273,3.533294355,2.501174897,297.6507937,NA,0.045533306,276.0410959,48.83870968,40.33333333,215.3181818,25.52705775,15.06383604,518.047619,3.67690166,1.5412,2.91,6.66,NA,0.752380634,33.35,0.9,2.698650675
A,T,10,Sed,62A,1,6/7/2021,7.886804789,0.014320988,0.0363,667.4362493,47.66666667,2.396333333,266.4,8.34,16.84590408,NA,0.006941933,106.1369863,5,5,NA,2.610228676,1.815002774,192.9206349,7.181,0.008237761,224.0547945,5,37.11111111,62.90909091,22.68648087,13.53483894,279,2.467245015,1.9292,0.84,7.25,NA,0.518279561,62.69,0.46,0.733769341
A,T,10,Sed,62B,1,6/7/2021,7.886804789,0.014320988,0.0363,667.4362493,47.66666667,2.396333333,266.4,8.34,16.84590408,NA,0.006941933,106.1369863,5,5,NA,2.610228676,1.815002774,192.9206349,7.181,0.008237761,224.0547945,5,37.11111111,62.90909091,22.68648087,13.53483894,279,2.467245015,1.9292,0.84,7.25,NA,0.603581981,59.2,0.44,0.743243243
A,T,10,Sed,62C,1,6/7/2021,7.886804789,0.014320988,0.0363,667.4362493,47.66666667,2.396333333,266.4,8.34,16.84590408,NA,0.006941933,106.1369863,5,5,NA,2.610228676,1.815002774,192.9206349,7.181,0.008237761,224.0547945,5,37.11111111,62.90909091,22.68648087,13.53483894,279,2.467245015,1.9292,0.84,7.25,NA,0.548217105,64.78,0.48,0.740969435
A,T,10,NA,NA,3,8/10/2021,0,0.057808219,0.0455,630.4937558,77.63333333,46.69633333,380.4,8.03,23.81792718,31.2085,0.050344035,98.34931509,5,5,238.1818182,NA,NA,NA,22.205,0.027995269,362,5,44.77777778,83.09090909,27.15604496,16.43454848,415.1904762,4.491551738,NA,NA,NA,NA,NA,NA,NA,NA
A,T,11,Plant,88A,1,6/7/2021,10.01484937,0.014320988,0.0363,667.4362493,47.66666667,2.396333333,266.4,8.34,16.84590408,NA,0.006941933,106.1369863,5,5,NA,2.610228676,1.815002774,192.9206349,7.181,0.008237761,224.0547945,5,37.11111111,62.90909091,22.68648087,13.53483894,279,2.467245015,NA,NA,NA,0,NA,NA,NA,NA
A,T,11,Plant,88B,1,6/7/2021,10.01484937,0.014320988,0.0363,667.4362493,47.66666667,2.396333333,266.4,8.34,16.84590408,NA,0.006941933,106.1369863,5,5,NA,2.610228676,1.815002774,192.9206349,7.181,0.008237761,224.0547945,5,37.11111111,62.90909091,22.68648087,13.53483894,279,2.467245015,NA,NA,NA,0,3.596193639,NA,NA,NA
A,T,11,Plant,88C,1,6/7/2021,10.01484937,0.014320988,0.0363,667.4362493,47.66666667,2.396333333,266.4,8.34,16.84590408,NA,0.006941933,106.1369863,5,5,NA,2.610228676,1.815002774,192.9206349,7.181,0.008237761,224.0547945,5,37.11111111,62.90909091,22.68648087,13.53483894,279,2.467245015,NA,NA,NA,2.607598864,4.376968816,NA,NA,NA
A,T,11,NA,NA,3,8/10/2021,0,0.057808219,0.0455,630.4937558,77.63333333,46.69633333,380.4,8.03,23.81792718,31.2085,0.050344035,98.34931509,5,5,238.1818182,NA,NA,NA,22.205,0.027995269,362,5,44.77777778,83.09090909,27.15604496,16.43454848,415.1904762,4.491551738,NA,NA,NA,NA,NA,NA,NA,NA
A,T,12,NA,NA,1,6/7/2021,9.524124412,0.014320988,0.0363,667.4362493,47.66666667,2.396333333,266.4,8.34,16.84590408,NA,0.006941933,106.1369863,5,5,NA,2.610228676,1.815002774,192.9206349,7.181,0.008237761,224.0547945,5,37.11111111,62.90909091,22.68648087,13.53483894,279,2.467245015,NA,NA,NA,NA,NA,NA,NA,NA
A,T,12,NA,NA,2,7/6/2021,4.825782851,0.006911765,0.0278,705.6437839,49.3,4.147666667,360,8.06,20.73907909,33.322,0.072834397,110.1917808,5,5,219.0227273,3.533294355,2.501174897,297.6507937,NA,0.045533306,276.0410959,48.83870968,40.33333333,215.3181818,25.52705775,15.06383604,518.047619,3.67690166,NA,NA,NA,NA,NA,NA,NA,NA
A,T,13,NA,NA,1,6/7/2021,11.01544824,0.014320988,0.0363,667.4362493,47.66666667,2.396333333,266.4,8.34,16.84590408,NA,0.006941933,106.1369863,5,5,NA,2.610228676,1.815002774,192.9206349,7.181,0.008237761,224.0547945,5,37.11111111,62.90909091,22.68648087,13.53483894,279,2.467245015,NA,NA,NA,NA,NA,NA,NA,NA
A,T,13,NA,NA,3,8/10/2021,0,0.057808219,0.0455,630.4937558,77.63333333,46.69633333,380.4,8.03,23.81792718,31.2085,0.050344035,98.34931509,5,5,238.1818182,NA,NA,NA,22.205,0.027995269,362,5,44.77777778,83.09090909,27.15604496,16.43454848,415.1904762,4.491551738,NA,NA,NA,NA,NA,NA,NA,NA
A,T,13,NA,NA,2,7/6/2021,3.978403785,0.006911765,0.0278,705.6437839,49.3,4.147666667,360,8.06,20.73907909,33.322,0.072834397,110.1917808,5,5,219.0227273,3.533294355,2.501174897,297.6507937,NA,0.045533306,276.0410959,48.83870968,40.33333333,215.3181818,25.52705775,15.06383604,518.047619,3.67690166,NA,NA,NA,NA,NA,NA,NA,NA
A,T,14,NA,NA,1,6/7/2021,7.449122739,0.014320988,0.0363,667.4362493,47.66666667,2.396333333,266.4,8.34,16.84590408,NA,0.006941933,106.1369863,5,5,NA,2.610228676,1.815002774,192.9206349,7.181,0.008237761,224.0547945,5,37.11111111,62.90909091,22.68648087,13.53483894,279,2.467245015,NA,NA,NA,NA,NA,NA,NA,NA
A,T,15,NA,NA,2,7/6/2021,16.46179494,0.006911765,0.0278,705.6437839,49.3,4.147666667,360,8.06,20.73907909,33.322,0.072834397,110.1917808,5,5,219.0227273,3.533294355,2.501174897,297.6507937,NA,0.045533306,276.0410959,48.83870968,40.33333333,215.3181818,25.52705775,15.06383604,518.047619,3.67690166,NA,NA,NA,NA,NA,NA,NA,NA
A,T,15,NA,NA,1,6/7/2021,7.649203712,0.014320988,0.0363,667.4362493,47.66666667,2.396333333,266.4,8.34,16.84590408,NA,0.006941933,106.1369863,5,5,NA,2.610228676,1.815002774,192.9206349,7.181,0.008237761,224.0547945,5,37.11111111,62.90909091,22.68648087,13.53483894,279,2.467245015,NA,NA,NA,NA,NA,NA,NA,NA
A,T,15,NA,NA,3,8/10/2021,0,0.057808219,0.0455,630.4937558,77.63333333,46.69633333,380.4,8.03,23.81792718,31.2085,0.050344035,98.34931509,5,5,238.1818182,NA,NA,NA,22.205,0.027995269,362,5,44.77777778,83.09090909,27.15604496,16.43454848,415.1904762,4.491551738,NA,NA,NA,NA,NA,NA,NA,NA
UL,NA,1,Plant,114A,3,7/27/2021,13.34421184,0.072554745,0.0562,658.515137,69.13333333,31.59466667,382.3,8.07,23.77268985,13.918,0.303487496,140.0136986,5,5,108.0909091,4.791983369,3.440520871,520.7460317,15.067,0.022403854,325.6986301,17.32258065,42,89.54545455,26.98713701,16.03475735,349.7142857,6.378014331,1.7872,1.32,6.88,1.093339193,1.186003736,NA,NA,NA
UL,NA,1,Plant,114B,3,7/27/2021,13.34421184,0.072554745,0.0562,658.515137,69.13333333,31.59466667,382.3,8.07,23.77268985,13.918,0.303487496,140.0136986,5,5,108.0909091,4.791983369,3.440520871,520.7460317,15.067,0.022403854,325.6986301,17.32258065,42,89.54545455,26.98713701,16.03475735,349.7142857,6.378014331,1.7872,1.32,6.88,0.816670429,1.212852299,NA,NA,NA
UL,NA,1,Plant,114C,3,7/27/2021,13.34421184,0.072554745,0.0562,658.515137,69.13333333,31.59466667,382.3,8.07,23.77268985,13.918,0.303487496,140.0136986,5,5,108.0909091,4.791983369,3.440520871,520.7460317,15.067,0.022403854,325.6986301,17.32258065,42,89.54545455,26.98713701,16.03475735,349.7142857,6.378014331,1.7872,1.32,6.88,0.727358403,1.229926465,NA,NA,NA
UL,NA,1,Plant,41A,1,5/24/2021,6.767885258,0.021891892,0.0378,622.7644491,48.36666667,2.335,240.7,8.86,14.70735758,9.5,0.030783651,112.9452055,15.64516129,5,NA,4.566231404,3.061943148,321.7777778,5.511,0.002310837,197.6438356,5,39.27777778,33.36363636,20.28766322,12.58023563,245.5079365,3.987625878,NA,NA,NA,2.161544034,1.564639954,NA,NA,NA
UL,NA,1,Plant,41B,1,5/24/2021,6.767885258,0.021891892,0.0378,622.7644491,48.36666667,2.335,240.7,8.86,14.70735758,9.5,0.030783651,112.9452055,15.64516129,5,NA,4.566231404,3.061943148,321.7777778,5.511,0.002310837,197.6438356,5,39.27777778,33.36363636,20.28766322,12.58023563,245.5079365,3.987625878,NA,NA,NA,1.794489206,2.020676415,NA,NA,NA
UL,NA,1,Plant,41C,1,5/24/2021,6.767885258,0.021891892,0.0378,622.7644491,48.36666667,2.335,240.7,8.86,14.70735758,9.5,0.030783651,112.9452055,15.64516129,5,NA,4.566231404,3.061943148,321.7777778,5.511,0.002310837,197.6438356,5,39.27777778,33.36363636,20.28766322,12.58023563,245.5079365,3.987625878,NA,NA,NA,0,1.585896169,NA,NA,NA
UL,NA,1,Plant,54A,2,6/21/2021,21.91456845,0.008088235,0.0228,704.637746,49.66666667,2.858666667,314,8.13,19.20080453,12.408,0.058856892,114.9863014,5,5,NA,7.189176899,4.620312653,386.6190476,11.054,0.006696858,238.2328767,29.32258065,39.55555556,100.4090909,23.34262327,13.0877256,297.8888889,4.134486802,1.8396,1.34,7.22,1.092483074,2.236714112,NA,NA,NA
UL,NA,1,Plant,54B,2,6/21/2021,21.91456845,0.008088235,0.0228,704.637746,49.66666667,2.858666667,314,8.13,19.20080453,12.408,0.058856892,114.9863014,5,5,NA,7.189176899,4.620312653,386.6190476,11.054,0.006696858,238.2328767,29.32258065,39.55555556,100.4090909,23.34262327,13.0877256,297.8888889,4.134486802,1.8396,1.34,7.22,1.105500157,1.908187222,NA,NA,NA
UL,NA,1,Plant,54C,2,6/21/2021,21.91456845,0.008088235,0.0228,704.637746,49.66666667,2.858666667,314,8.13,19.20080453,12.408,0.058856892,114.9863014,5,5,NA,7.189176899,4.620312653,386.6190476,11.054,0.006696858,238.2328767,29.32258065,39.55555556,100.4090909,23.34262327,13.0877256,297.8888889,4.134486802,1.8396,1.34,7.22,0.323126954,1.578201815,NA,NA,NA
UL,NA,1,Sed,103A,3,7/27/2021,13.34421184,0.072554745,0.0562,658.515137,69.13333333,31.59466667,382.3,8.07,23.77268985,13.918,0.303487496,140.0136986,5,5,108.0909091,4.791983369,3.440520871,520.7460317,15.067,0.022403854,325.6986301,17.32258065,42,89.54545455,26.98713701,16.03475735,349.7142857,6.378014331,1.7872,1.32,6.88,NA,1.572818858,56.39,0.71,1.259088491
UL,NA,1,Sed,103B,3,7/27/2021,13.34421184,0.072554745,0.0562,658.515137,69.13333333,31.59466667,382.3,8.07,23.77268985,13.918,0.303487496,140.0136986,5,5,108.0909091,4.791983369,3.440520871,520.7460317,15.067,0.022403854,325.6986301,17.32258065,42,89.54545455,26.98713701,16.03475735,349.7142857,6.378014331,1.7872,1.32,6.88,NA,NA,56.37,0.48,0.851516764
UL,NA,1,Sed,103C,3,7/27/2021,13.34421184,0.072554745,0.0562,658.515137,69.13333333,31.59466667,382.3,8.07,23.77268985,13.918,0.303487496,140.0136986,5,5,108.0909091,4.791983369,3.440520871,520.7460317,15.067,0.022403854,325.6986301,17.32258065,42,89.54545455,26.98713701,16.03475735,349.7142857,6.378014331,1.7872,1.32,6.88,NA,NA,57.36,0.49,0.854253835
UL,NA,1,Sed,72A,2,6/21/2021,21.91456845,0.008088235,0.0228,704.637746,49.66666667,2.858666667,314,8.13,19.20080453,12.408,0.058856892,114.9863014,5,5,NA,7.189176899,4.620312653,386.6190476,11.054,0.006696858,238.2328767,29.32258065,39.55555556,100.4090909,23.34262327,13.0877256,297.8888889,4.134486802,1.8396,1.34,7.22,NA,1.59392674,47.29,0.39,0.824698668
UL,NA,1,Sed,72B,2,6/21/2021,21.91456845,0.008088235,0.0228,704.637746,49.66666667,2.858666667,314,8.13,19.20080453,12.408,0.058856892,114.9863014,5,5,NA,7.189176899,4.620312653,386.6190476,11.054,0.006696858,238.2328767,29.32258065,39.55555556,100.4090909,23.34262327,13.0877256,297.8888889,4.134486802,1.8396,1.34,7.22,NA,0.680609566,51.37,0.58,1.129063656
UL,NA,1,Sed,72C,2,6/21/2021,21.91456845,0.008088235,0.0228,704.637746,49.66666667,2.858666667,314,8.13,19.20080453,12.408,0.058856892,114.9863014,5,5,NA,7.189176899,4.620312653,386.6190476,11.054,0.006696858,238.2328767,29.32258065,39.55555556,100.4090909,23.34262327,13.0877256,297.8888889,4.134486802,1.8396,1.34,7.22,NA,0.937166815,54.46,0.59,1.083363937
UL,NA,2,Plant,119A,3,7/27/2021,17.06272152,0.072554745,0.0562,658.515137,69.13333333,31.59466667,382.3,8.07,23.77268985,13.918,0.303487496,140.0136986,5,5,108.0909091,4.791983369,3.440520871,520.7460317,15.067,0.022403854,325.6986301,17.32258065,42,89.54545455,26.98713701,16.03475735,349.7142857,6.378014331,2.03,0.97,7.63,0.455833766,0.975802906,NA,NA,NA
UL,NA,2,Plant,119B,3,7/27/2021,17.06272152,0.072554745,0.0562,658.515137,69.13333333,31.59466667,382.3,8.07,23.77268985,13.918,0.303487496,140.0136986,5,5,108.0909091,4.791983369,3.440520871,520.7460317,15.067,0.022403854,325.6986301,17.32258065,42,89.54545455,26.98713701,16.03475735,349.7142857,6.378014331,2.03,0.97,7.63,0.521991468,1.11802085,NA,NA,NA
UL,NA,2,Plant,119C,3,7/27/2021,17.06272152,0.072554745,0.0562,658.515137,69.13333333,31.59466667,382.3,8.07,23.77268985,13.918,0.303487496,140.0136986,5,5,108.0909091,4.791983369,3.440520871,520.7460317,15.067,0.022403854,325.6986301,17.32258065,42,89.54545455,26.98713701,16.03475735,349.7142857,6.378014331,2.03,0.97,7.63,0.333323041,0.978949351,NA,NA,NA
UL,NA,2,Plant,26A,2,6/21/2021,15.64616107,0.008088235,0.0228,704.637746,49.66666667,2.858666667,314,8.13,19.20080453,12.408,0.058856892,114.9863014,5,5,NA,7.189176899,4.620312653,386.6190476,11.054,0.006696858,238.2328767,29.32258065,39.55555556,100.4090909,23.34262327,13.0877256,297.8888889,4.134486802,2.0352,1.01,7.63,2.395029344,NA,NA,NA,NA
UL,NA,2,Plant,26B,2,6/21/2021,15.64616107,0.008088235,0.0228,704.637746,49.66666667,2.858666667,314,8.13,19.20080453,12.408,0.058856892,114.9863014,5,5,NA,7.189176899,4.620312653,386.6190476,11.054,0.006696858,238.2328767,29.32258065,39.55555556,100.4090909,23.34262327,13.0877256,297.8888889,4.134486802,2.0352,1.01,7.63,1.759159512,2.035917482,NA,NA,NA
UL,NA,2,Plant,26C,2,6/21/2021,15.64616107,0.008088235,0.0228,704.637746,49.66666667,2.858666667,314,8.13,19.20080453,12.408,0.058856892,114.9863014,5,5,NA,7.189176899,4.620312653,386.6190476,11.054,0.006696858,238.2328767,29.32258065,39.55555556,100.4090909,23.34262327,13.0877256,297.8888889,4.134486802,2.0352,1.01,7.63,0.700398287,NA,NA,NA,NA
UL,NA,2,Plant,88A,1,5/24/2021,1.852465804,0.021891892,0.0378,622.7644491,48.36666667,2.335,240.7,8.86,14.70735758,9.5,0.030783651,112.9452055,15.64516129,5,NA,4.566231404,3.061943148,321.7777778,5.511,0.002310837,197.6438356,5,39.27777778,33.36363636,20.28766322,12.58023563,245.5079365,3.987625878,1.6618,1.75,7.16,2.637625348,0.327875444,NA,NA,NA
UL,NA,2,Plant,88B,1,5/24/2021,1.852465804,0.021891892,0.0378,622.7644491,48.36666667,2.335,240.7,8.86,14.70735758,9.5,0.030783651,112.9452055,15.64516129,5,NA,4.566231404,3.061943148,321.7777778,5.511,0.002310837,197.6438356,5,39.27777778,33.36363636,20.28766322,12.58023563,245.5079365,3.987625878,1.6618,1.75,7.16,2.791303127,2.240007051,NA,NA,NA
UL,NA,2,Plant,88C,1,5/24/2021,1.852465804,0.021891892,0.0378,622.7644491,48.36666667,2.335,240.7,8.86,14.70735758,9.5,0.030783651,112.9452055,15.64516129,5,NA,4.566231404,3.061943148,321.7777778,5.511,0.002310837,197.6438356,5,39.27777778,33.36363636,20.28766322,12.58023563,245.5079365,3.987625878,1.6618,1.75,7.16,1.053987851,0,NA,NA,NA
UL,NA,2,Sed,101A,3,7/27/2021,17.06272152,0.072554745,0.0562,658.515137,69.13333333,31.59466667,382.3,8.07,23.77268985,13.918,0.303487496,140.0136986,5,5,108.0909091,4.791983369,3.440520871,520.7460317,15.067,0.022403854,325.6986301,17.32258065,42,89.54545455,26.98713701,16.03475735,349.7142857,6.378014331,2.03,0.97,7.63,NA,1.206593552,51.25,0.43,0.83902439
UL,NA,2,Sed,101B,3,7/27/2021,17.06272152,0.072554745,0.0562,658.515137,69.13333333,31.59466667,382.3,8.07,23.77268985,13.918,0.303487496,140.0136986,5,5,108.0909091,4.791983369,3.440520871,520.7460317,15.067,0.022403854,325.6986301,17.32258065,42,89.54545455,26.98713701,16.03475735,349.7142857,6.378014331,2.03,0.97,7.63,NA,1.110494088,52.57,0.4,0.760890242
UL,NA,2,Sed,101C,3,7/27/2021,17.06272152,0.072554745,0.0562,658.515137,69.13333333,31.59466667,382.3,8.07,23.77268985,13.918,0.303487496,140.0136986,5,5,108.0909091,4.791983369,3.440520871,520.7460317,15.067,0.022403854,325.6986301,17.32258065,42,89.54545455,26.98713701,16.03475735,349.7142857,6.378014331,2.03,0.97,7.63,NA,1.225343172,50.2,0.44,0.876494024
UL,NA,2,Sed,32A,2,6/21/2021,15.64616107,0.008088235,0.0228,704.637746,49.66666667,2.858666667,314,8.13,19.20080453,12.408,0.058856892,114.9863014,5,5,NA,7.189176899,4.620312653,386.6190476,11.054,0.006696858,238.2328767,29.32258065,39.55555556,100.4090909,23.34262327,13.0877256,297.8888889,4.134486802,2.0352,1.01,7.63,NA,0.790133333,42.52,0.45,1.058325494
UL,NA,2,Sed,32B,2,6/21/2021,15.64616107,0.008088235,0.0228,704.637746,49.66666667,2.858666667,314,8.13,19.20080453,12.408,0.058856892,114.9863014,5,5,NA,7.189176899,4.620312653,386.6190476,11.054,0.006696858,238.2328767,29.32258065,39.55555556,100.4090909,23.34262327,13.0877256,297.8888889,4.134486802,2.0352,1.01,7.63,NA,0.511857143,54.96,0.74,1.34643377
UL,NA,2,Sed,32C,2,6/21/2021,15.64616107,0.008088235,0.0228,704.637746,49.66666667,2.858666667,314,8.13,19.20080453,12.408,0.058856892,114.9863014,5,5,NA,7.189176899,4.620312653,386.6190476,11.054,0.006696858,238.2328767,29.32258065,39.55555556,100.4090909,23.34262327,13.0877256,297.8888889,4.134486802,2.0352,1.01,7.63,NA,1.052626591,46.87,0.56,1.194794111
UL,NA,2,Sed,83A,1,5/24/2021,1.852465804,0.021891892,0.0378,622.7644491,48.36666667,2.335,240.7,8.86,14.70735758,9.5,0.030783651,112.9452055,15.64516129,5,NA,4.566231404,3.061943148,321.7777778,5.511,0.002310837,197.6438356,5,39.27777778,33.36363636,20.28766322,12.58023563,245.5079365,3.987625878,1.6618,1.75,7.16,NA,0.796706924,49.67,0.58,1.167706865
UL,NA,2,Sed,83B,1,5/24/2021,1.852465804,0.021891892,0.0378,622.7644491,48.36666667,2.335,240.7,8.86,14.70735758,9.5,0.030783651,112.9452055,15.64516129,5,NA,4.566231404,3.061943148,321.7777778,5.511,0.002310837,197.6438356,5,39.27777778,33.36363636,20.28766322,12.58023563,245.5079365,3.987625878,1.6618,1.75,7.16,NA,0.658783382,49.12,0.68,1.384364821
UL,NA,2,Sed,83C,1,5/24/2021,1.852465804,0.021891892,0.0378,622.7644491,48.36666667,2.335,240.7,8.86,14.70735758,9.5,0.030783651,112.9452055,15.64516129,5,NA,4.566231404,3.061943148,321.7777778,5.511,0.002310837,197.6438356,5,39.27777778,33.36363636,20.28766322,12.58023563,245.5079365,3.987625878,1.6618,1.75,7.16,NA,1.180649904,43.48,0.66,1.517939282
UL,NA,3,Plant,150A,3,7/27/2021,15.27442205,0.072554745,0.0562,658.515137,69.13333333,31.59466667,382.3,8.07,23.77268985,13.918,0.303487496,140.0136986,5,5,108.0909091,4.791983369,3.440520871,520.7460317,15.067,0.022403854,325.6986301,17.32258065,42,89.54545455,26.98713701,16.03475735,349.7142857,6.378014331,NA,NA,NA,0.402423802,1.173841541,NA,NA,NA
UL,NA,3,Plant,150B,3,7/27/2021,15.27442205,0.072554745,0.0562,658.515137,69.13333333,31.59466667,382.3,8.07,23.77268985,13.918,0.303487496,140.0136986,5,5,108.0909091,4.791983369,3.440520871,520.7460317,15.067,0.022403854,325.6986301,17.32258065,42,89.54545455,26.98713701,16.03475735,349.7142857,6.378014331,NA,NA,NA,0.440218433,1.153135971,NA,NA,NA
UL,NA,3,Plant,150C,3,7/27/2021,15.27442205,0.072554745,0.0562,658.515137,69.13333333,31.59466667,382.3,8.07,23.77268985,13.918,0.303487496,140.0136986,5,5,108.0909091,4.791983369,3.440520871,520.7460317,15.067,0.022403854,325.6986301,17.32258065,42,89.54545455,26.98713701,16.03475735,349.7142857,6.378014331,NA,NA,NA,0.348600235,1.050307234,NA,NA,NA
UL,NA,3,Plant,44A,2,6/21/2021,17.91500565,0.008088235,0.0228,704.637746,49.66666667,2.858666667,314,8.13,19.20080453,12.408,0.058856892,114.9863014,5,5,NA,7.189176899,4.620312653,386.6190476,11.054,0.006696858,238.2328767,29.32258065,39.55555556,100.4090909,23.34262327,13.0877256,297.8888889,4.134486802,1.5074,3.93,6.98,0,1.727922955,NA,NA,NA
UL,NA,3,Plant,44B,2,6/21/2021,17.91500565,0.008088235,0.0228,704.637746,49.66666667,2.858666667,314,8.13,19.20080453,12.408,0.058856892,114.9863014,5,5,NA,7.189176899,4.620312653,386.6190476,11.054,0.006696858,238.2328767,29.32258065,39.55555556,100.4090909,23.34262327,13.0877256,297.8888889,4.134486802,1.5074,3.93,6.98,1.392366966,1.759702478,NA,NA,NA
UL,NA,3,Plant,44C,2,6/21/2021,17.91500565,0.008088235,0.0228,704.637746,49.66666667,2.858666667,314,8.13,19.20080453,12.408,0.058856892,114.9863014,5,5,NA,7.189176899,4.620312653,386.6190476,11.054,0.006696858,238.2328767,29.32258065,39.55555556,100.4090909,23.34262327,13.0877256,297.8888889,4.134486802,1.5074,3.93,6.98,0,1.265265868,NA,NA,NA
UL,NA,3,Plant,63A,1,5/24/2021,5.369897431,0.021891892,0.0378,622.7644491,48.36666667,2.335,240.7,8.86,14.70735758,9.5,0.030783651,112.9452055,15.64516129,5,NA,4.566231404,3.061943148,321.7777778,5.511,0.002310837,197.6438356,5,39.27777778,33.36363636,20.28766322,12.58023563,245.5079365,3.987625878,1.6348,1.71,6.66,1.753697282,0.57208825,NA,NA,NA
UL,NA,3,Plant,63B,1,5/24/2021,5.369897431,0.021891892,0.0378,622.7644491,48.36666667,2.335,240.7,8.86,14.70735758,9.5,0.030783651,112.9452055,15.64516129,5,NA,4.566231404,3.061943148,321.7777778,5.511,0.002310837,197.6438356,5,39.27777778,33.36363636,20.28766322,12.58023563,245.5079365,3.987625878,1.6348,1.71,6.66,5.103103386,3.447071747,NA,NA,NA
UL,NA,3,Plant,63C,1,5/24/2021,5.369897431,0.021891892,0.0378,622.7644491,48.36666667,2.335,240.7,8.86,14.70735758,9.5,0.030783651,112.9452055,15.64516129,5,NA,4.566231404,3.061943148,321.7777778,5.511,0.002310837,197.6438356,5,39.27777778,33.36363636,20.28766322,12.58023563,245.5079365,3.987625878,1.6348,1.71,6.66,3.117730122,1.150557089,NA,NA,NA
UL,NA,3,Sed,39A,2,6/21/2021,17.91500565,0.008088235,0.0228,704.637746,49.66666667,2.858666667,314,8.13,19.20080453,12.408,0.058856892,114.9863014,5,5,NA,7.189176899,4.620312653,386.6190476,11.054,0.006696858,238.2328767,29.32258065,39.55555556,100.4090909,23.34262327,13.0877256,297.8888889,4.134486802,1.5074,3.93,6.98,NA,NA,13.51,0.49,3.626943005
UL,NA,3,Sed,39B,2,6/21/2021,17.91500565,0.008088235,0.0228,704.637746,49.66666667,2.858666667,314,8.13,19.20080453,12.408,0.058856892,114.9863014,5,5,NA,7.189176899,4.620312653,386.6190476,11.054,0.006696858,238.2328767,29.32258065,39.55555556,100.4090909,23.34262327,13.0877256,297.8888889,4.134486802,1.5074,3.93,6.98,NA,1.372782599,26.74,0.83,3.103964099
UL,NA,3,Sed,39C,2,6/21/2021,17.91500565,0.008088235,0.0228,704.637746,49.66666667,2.858666667,314,8.13,19.20080453,12.408,0.058856892,114.9863014,5,5,NA,7.189176899,4.620312653,386.6190476,11.054,0.006696858,238.2328767,29.32258065,39.55555556,100.4090909,23.34262327,13.0877256,297.8888889,4.134486802,1.5074,3.93,6.98,NA,1.689263158,27.41,0.84,3.064574973
UL,NA,3,Sed,66A,1,5/24/2021,5.369897431,0.021891892,0.0378,622.7644491,48.36666667,2.335,240.7,8.86,14.70735758,9.5,0.030783651,112.9452055,15.64516129,5,NA,4.566231404,3.061943148,321.7777778,5.511,0.002310837,197.6438356,5,39.27777778,33.36363636,20.28766322,12.58023563,245.5079365,3.987625878,1.6348,1.71,6.66,NA,2.247791114,41.92,0.54,1.288167939
UL,NA,3,Sed,66B,1,5/24/2021,5.369897431,0.021891892,0.0378,622.7644491,48.36666667,2.335,240.7,8.86,14.70735758,9.5,0.030783651,112.9452055,15.64516129,5,NA,4.566231404,3.061943148,321.7777778,5.511,0.002310837,197.6438356,5,39.27777778,33.36363636,20.28766322,12.58023563,245.5079365,3.987625878,1.6348,1.71,6.66,NA,2.083821284,47.68,0.65,1.363255034
UL,NA,3,Sed,66C,1,5/24/2021,5.369897431,0.021891892,0.0378,622.7644491,48.36666667,2.335,240.7,8.86,14.70735758,9.5,0.030783651,112.9452055,15.64516129,5,NA,4.566231404,3.061943148,321.7777778,5.511,0.002310837,197.6438356,5,39.27777778,33.36363636,20.28766322,12.58023563,245.5079365,3.987625878,1.6348,1.71,6.66,NA,0.790302609,46.01,0.58,1.260595523
UL,NA,4,Plant,92A,2,6/21/2021,12.5418395,0.008088235,0.0228,704.637746,49.66666667,2.858666667,314,8.13,19.20080453,12.408,0.058856892,114.9863014,5,5,NA,7.189176899,4.620312653,386.6190476,11.054,0.006696858,238.2328767,29.32258065,39.55555556,100.4090909,23.34262327,13.0877256,297.8888889,4.134486802,NA,NA,NA,1.686432159,1.997437437,NA,NA,NA
UL,NA,4,Plant,92B,2,6/21/2021,12.5418395,0.008088235,0.0228,704.637746,49.66666667,2.858666667,314,8.13,19.20080453,12.408,0.058856892,114.9863014,5,5,NA,7.189176899,4.620312653,386.6190476,11.054,0.006696858,238.2328767,29.32258065,39.55555556,100.4090909,23.34262327,13.0877256,297.8888889,4.134486802,NA,NA,NA,1.418689442,1.576824736,NA,NA,NA
UL,NA,4,Plant,92C,2,6/21/2021,12.5418395,0.008088235,0.0228,704.637746,49.66666667,2.858666667,314,8.13,19.20080453,12.408,0.058856892,114.9863014,5,5,NA,7.189176899,4.620312653,386.6190476,11.054,0.006696858,238.2328767,29.32258065,39.55555556,100.4090909,23.34262327,13.0877256,297.8888889,4.134486802,NA,NA,NA,0.425704438,1.723253106,NA,NA,NA
UL,NA,4,Sed,69A,1,5/24/2021,4.359624006,0.021891892,0.0378,622.7644491,48.36666667,2.335,240.7,8.86,14.70735758,9.5,0.030783651,112.9452055,15.64516129,5,NA,4.566231404,3.061943148,321.7777778,5.511,0.002310837,197.6438356,5,39.27777778,33.36363636,20.28766322,12.58023563,245.5079365,3.987625878,1.535,1.46,7.2,NA,2.103744431,11.6,0.32,2.75862069
UL,NA,4,Sed,69B,1,5/24/2021,4.359624006,0.021891892,0.0378,622.7644491,48.36666667,2.335,240.7,8.86,14.70735758,9.5,0.030783651,112.9452055,15.64516129,5,NA,4.566231404,3.061943148,321.7777778,5.511,0.002310837,197.6438356,5,39.27777778,33.36363636,20.28766322,12.58023563,245.5079365,3.987625878,1.535,1.46,7.2,NA,1.656661822,18.71,0.4,2.137894174
UL,NA,4,Sed,69C,1,5/24/2021,4.359624006,0.021891892,0.0378,622.7644491,48.36666667,2.335,240.7,8.86,14.70735758,9.5,0.030783651,112.9452055,15.64516129,5,NA,4.566231404,3.061943148,321.7777778,5.511,0.002310837,197.6438356,5,39.27777778,33.36363636,20.28766322,12.58023563,245.5079365,3.987625878,1.535,1.46,7.2,NA,1.487251102,24.82,0.51,2.054794521
UL,NA,4,NA,NA,3,7/27/2021,41.13508998,0.072554745,0.0562,658.515137,69.13333333,31.59466667,382.3,8.07,23.77268985,13.918,0.303487496,140.0136986,5,5,108.0909091,4.791983369,3.440520871,520.7460317,15.067,0.022403854,325.6986301,17.32258065,42,89.54545455,26.98713701,16.03475735,349.7142857,6.378014331,NA,NA,NA,NA,NA,NA,NA,NA
UL,NA,5,Sed,151A,3,7/27/2021,1.75133124,0.072554745,0.0562,658.515137,69.13333333,31.59466667,382.3,8.07,23.77268985,13.918,0.303487496,140.0136986,5,5,108.0909091,4.791983369,3.440520871,520.7460317,15.067,0.022403854,325.6986301,17.32258065,42,89.54545455,26.98713701,16.03475735,349.7142857,6.378014331,1.6944,1.93,6.63,NA,1.414488906,47.53,0.86,1.809383547
UL,NA,5,Sed,151B,3,7/27/2021,1.75133124,0.072554745,0.0562,658.515137,69.13333333,31.59466667,382.3,8.07,23.77268985,13.918,0.303487496,140.0136986,5,5,108.0909091,4.791983369,3.440520871,520.7460317,15.067,0.022403854,325.6986301,17.32258065,42,89.54545455,26.98713701,16.03475735,349.7142857,6.378014331,1.6944,1.93,6.63,NA,1.632151361,51.69,0.75,1.450957632
UL,NA,5,Sed,151C,3,7/27/2021,1.75133124,0.072554745,0.0562,658.515137,69.13333333,31.59466667,382.3,8.07,23.77268985,13.918,0.303487496,140.0136986,5,5,108.0909091,4.791983369,3.440520871,520.7460317,15.067,0.022403854,325.6986301,17.32258065,42,89.54545455,26.98713701,16.03475735,349.7142857,6.378014331,1.6944,1.93,6.63,NA,1.341151608,53.37,0.82,1.536443695
UL,NA,5,Sed,76A,1,5/24/2021,2.588812502,0.021891892,0.0378,622.7644491,48.36666667,2.335,240.7,8.86,14.70735758,9.5,0.030783651,112.9452055,15.64516129,5,NA,4.566231404,3.061943148,321.7777778,5.511,0.002310837,197.6438356,5,39.27777778,33.36363636,20.28766322,12.58023563,245.5079365,3.987625878,1.709,1.43,7.27,NA,0.731323743,54.35,0.68,1.251149954
UL,NA,5,Sed,76B,1,5/24/2021,2.588812502,0.021891892,0.0378,622.7644491,48.36666667,2.335,240.7,8.86,14.70735758,9.5,0.030783651,112.9452055,15.64516129,5,NA,4.566231404,3.061943148,321.7777778,5.511,0.002310837,197.6438356,5,39.27777778,33.36363636,20.28766322,12.58023563,245.5079365,3.987625878,1.709,1.43,7.27,NA,0.78916515,42.78,0.52,1.215521272
UL,NA,5,Sed,76C,1,5/24/2021,2.588812502,0.021891892,0.0378,622.7644491,48.36666667,2.335,240.7,8.86,14.70735758,9.5,0.030783651,112.9452055,15.64516129,5,NA,4.566231404,3.061943148,321.7777778,5.511,0.002310837,197.6438356,5,39.27777778,33.36363636,20.28766322,12.58023563,245.5079365,3.987625878,1.709,1.43,7.27,NA,0.847751227,42.86,0.56,1.306579561
UL,NA,5,NA,NA,2,6/21/2021,12.3118549,0.008088235,0.0228,704.637746,49.66666667,2.858666667,314,8.13,19.20080453,12.408,0.058856892,114.9863014,5,5,NA,7.189176899,4.620312653,386.6190476,11.054,0.006696858,238.2328767,29.32258065,39.55555556,100.4090909,23.34262327,13.0877256,297.8888889,4.134486802,NA,NA,NA,NA,NA,NA,NA,NA
UL,NA,6,Plant,109A,3,7/27/2021,2.751724386,0.072554745,0.0562,658.515137,69.13333333,31.59466667,382.3,8.07,23.77268985,13.918,0.303487496,140.0136986,5,5,108.0909091,4.791983369,3.440520871,520.7460317,15.067,0.022403854,325.6986301,17.32258065,42,89.54545455,26.98713701,16.03475735,349.7142857,6.378014331,1.2902,6.01,7.28,1.723814251,1.123988791,NA,NA,NA
UL,NA,6,Plant,109B,3,7/27/2021,2.751724386,0.072554745,0.0562,658.515137,69.13333333,31.59466667,382.3,8.07,23.77268985,13.918,0.303487496,140.0136986,5,5,108.0909091,4.791983369,3.440520871,520.7460317,15.067,0.022403854,325.6986301,17.32258065,42,89.54545455,26.98713701,16.03475735,349.7142857,6.378014331,1.2902,6.01,7.28,1.681672052,1.227930921,NA,NA,NA
UL,NA,6,Plant,109C,3,7/27/2021,2.751724386,0.072554745,0.0562,658.515137,69.13333333,31.59466667,382.3,8.07,23.77268985,13.918,0.303487496,140.0136986,5,5,108.0909091,4.791983369,3.440520871,520.7460317,15.067,0.022403854,325.6986301,17.32258065,42,89.54545455,26.98713701,16.03475735,349.7142857,6.378014331,1.2902,6.01,7.28,1.449317043,NA,NA,NA,NA
UL,NA,6,Plant,78A,2,6/21/2021,14.60859898,0.008088235,0.0228,704.637746,49.66666667,2.858666667,314,8.13,19.20080453,12.408,0.058856892,114.9863014,5,5,NA,7.189176899,4.620312653,386.6190476,11.054,0.006696858,238.2328767,29.32258065,39.55555556,100.4090909,23.34262327,13.0877256,297.8888889,4.134486802,1.8734,1.17,6.92,0.922598604,1.627939001,NA,NA,NA
UL,NA,6,Plant,78B,2,6/21/2021,14.60859898,0.008088235,0.0228,704.637746,49.66666667,2.858666667,314,8.13,19.20080453,12.408,0.058856892,114.9863014,5,5,NA,7.189176899,4.620312653,386.6190476,11.054,0.006696858,238.2328767,29.32258065,39.55555556,100.4090909,23.34262327,13.0877256,297.8888889,4.134486802,1.8734,1.17,6.92,0.357913826,1.87682241,NA,NA,NA
UL,NA,6,Plant,78C,2,6/21/2021,14.60859898,0.008088235,0.0228,704.637746,49.66666667,2.858666667,314,8.13,19.20080453,12.408,0.058856892,114.9863014,5,5,NA,7.189176899,4.620312653,386.6190476,11.054,0.006696858,238.2328767,29.32258065,39.55555556,100.4090909,23.34262327,13.0877256,297.8888889,4.134486802,1.8734,1.17,6.92,0.743085694,1.322153514,NA,NA,NA
UL,NA,6,Sed,42A,2,6/21/2021,14.60859898,0.008088235,0.0228,704.637746,49.66666667,2.858666667,314,8.13,19.20080453,12.408,0.058856892,114.9863014,5,5,NA,7.189176899,4.620312653,386.6190476,11.054,0.006696858,238.2328767,29.32258065,39.55555556,100.4090909,23.34262327,13.0877256,297.8888889,4.134486802,1.8734,1.17,6.92,NA,1.112371353,57.47,0.58,1.009222203
UL,NA,6,Sed,42B,2,6/21/2021,14.60859898,0.008088235,0.0228,704.637746,49.66666667,2.858666667,314,8.13,19.20080453,12.408,0.058856892,114.9863014,5,5,NA,7.189176899,4.620312653,386.6190476,11.054,0.006696858,238.2328767,29.32258065,39.55555556,100.4090909,23.34262327,13.0877256,297.8888889,4.134486802,1.8734,1.17,6.92,NA,0.840842755,60.43,0.71,1.174913123
UL,NA,6,Sed,42C,2,6/21/2021,14.60859898,0.008088235,0.0228,704.637746,49.66666667,2.858666667,314,8.13,19.20080453,12.408,0.058856892,114.9863014,5,5,NA,7.189176899,4.620312653,386.6190476,11.054,0.006696858,238.2328767,29.32258065,39.55555556,100.4090909,23.34262327,13.0877256,297.8888889,4.134486802,1.8734,1.17,6.92,NA,1.366248649,59.67,0.6,1.005530417
UL,NA,6,Sed,61A,1,5/24/2021,3.66266467,0.021891892,0.0378,622.7644491,48.36666667,2.335,240.7,8.86,14.70735758,9.5,0.030783651,112.9452055,15.64516129,5,NA,4.566231404,3.061943148,321.7777778,5.511,0.002310837,197.6438356,5,39.27777778,33.36363636,20.28766322,12.58023563,245.5079365,3.987625878,1.7162,1.25,7.3,NA,1.216089294,49.37,0.55,1.114036864
UL,NA,6,Sed,61B,1,5/24/2021,3.66266467,0.021891892,0.0378,622.7644491,48.36666667,2.335,240.7,8.86,14.70735758,9.5,0.030783651,112.9452055,15.64516129,5,NA,4.566231404,3.061943148,321.7777778,5.511,0.002310837,197.6438356,5,39.27777778,33.36363636,20.28766322,12.58023563,245.5079365,3.987625878,1.7162,1.25,7.3,NA,0.803039916,45.42,0.49,1.078819903
UL,NA,6,Sed,61C,1,5/24/2021,3.66266467,0.021891892,0.0378,622.7644491,48.36666667,2.335,240.7,8.86,14.70735758,9.5,0.030783651,112.9452055,15.64516129,5,NA,4.566231404,3.061943148,321.7777778,5.511,0.002310837,197.6438356,5,39.27777778,33.36363636,20.28766322,12.58023563,245.5079365,3.987625878,1.7162,1.25,7.3,NA,1.514691923,52.02,0.49,0.941945406
UL,NA,6,Sed,99A,3,7/27/2021,2.751724386,0.072554745,0.0562,658.515137,69.13333333,31.59466667,382.3,8.07,23.77268985,13.918,0.303487496,140.0136986,5,5,108.0909091,4.791983369,3.440520871,520.7460317,15.067,0.022403854,325.6986301,17.32258065,42,89.54545455,26.98713701,16.03475735,349.7142857,6.378014331,1.2902,6.01,7.28,NA,1.392731742,15.67,0.89,5.679642629
UL,NA,6,Sed,99B,3,7/27/2021,2.751724386,0.072554745,0.0562,658.515137,69.13333333,31.59466667,382.3,8.07,23.77268985,13.918,0.303487496,140.0136986,5,5,108.0909091,4.791983369,3.440520871,520.7460317,15.067,0.022403854,325.6986301,17.32258065,42,89.54545455,26.98713701,16.03475735,349.7142857,6.378014331,1.2902,6.01,7.28,NA,1.353155027,17.2,0.94,5.465116279
UL,NA,6,Sed,99C,3,7/27/2021,2.751724386,0.072554745,0.0562,658.515137,69.13333333,31.59466667,382.3,8.07,23.77268985,13.918,0.303487496,140.0136986,5,5,108.0909091,4.791983369,3.440520871,520.7460317,15.067,0.022403854,325.6986301,17.32258065,42,89.54545455,26.98713701,16.03475735,349.7142857,6.378014331,1.2902,6.01,7.28,NA,1.662427731,15.34,0.74,4.82398957
UL,NA,7,Plant,53A,1,5/24/2021,4.106495055,0.021891892,0.0378,622.7644491,48.36666667,2.335,240.7,8.86,14.70735758,9.5,0.030783651,112.9452055,15.64516129,5,NA,4.566231404,3.061943148,321.7777778,5.511,0.002310837,197.6438356,5,39.27777778,33.36363636,20.28766322,12.58023563,245.5079365,3.987625878,1.8018,0.94,6.95,3.043192004,1.286971349,NA,NA,NA
UL,NA,7,Plant,53B,1,5/24/2021,4.106495055,0.021891892,0.0378,622.7644491,48.36666667,2.335,240.7,8.86,14.70735758,9.5,0.030783651,112.9452055,15.64516129,5,NA,4.566231404,3.061943148,321.7777778,5.511,0.002310837,197.6438356,5,39.27777778,33.36363636,20.28766322,12.58023563,245.5079365,3.987625878,1.8018,0.94,6.95,1.451944818,0.402083053,NA,NA,NA
UL,NA,7,Plant,53C,1,5/24/2021,4.106495055,0.021891892,0.0378,622.7644491,48.36666667,2.335,240.7,8.86,14.70735758,9.5,0.030783651,112.9452055,15.64516129,5,NA,4.566231404,3.061943148,321.7777778,5.511,0.002310837,197.6438356,5,39.27777778,33.36363636,20.28766322,12.58023563,245.5079365,3.987625878,1.8018,0.94,6.95,2.018431562,1.391926219,NA,NA,NA
UL,NA,7,Plant,94A,2,6/21/2021,7.080715223,0.008088235,0.0228,704.637746,49.66666667,2.858666667,314,8.13,19.20080453,12.408,0.058856892,114.9863014,5,5,NA,7.189176899,4.620312653,386.6190476,11.054,0.006696858,238.2328767,29.32258065,39.55555556,100.4090909,23.34262327,13.0877256,297.8888889,4.134486802,NA,NA,NA,0.561727556,1.747806137,NA,NA,NA
UL,NA,7,Plant,94B,2,6/21/2021,7.080715223,0.008088235,0.0228,704.637746,49.66666667,2.858666667,314,8.13,19.20080453,12.408,0.058856892,114.9863014,5,5,NA,7.189176899,4.620312653,386.6190476,11.054,0.006696858,238.2328767,29.32258065,39.55555556,100.4090909,23.34262327,13.0877256,297.8888889,4.134486802,NA,NA,NA,0,2.090719644,NA,NA,NA
UL,NA,7,Plant,94C,2,6/21/2021,7.080715223,0.008088235,0.0228,704.637746,49.66666667,2.858666667,314,8.13,19.20080453,12.408,0.058856892,114.9863014,5,5,NA,7.189176899,4.620312653,386.6190476,11.054,0.006696858,238.2328767,29.32258065,39.55555556,100.4090909,23.34262327,13.0877256,297.8888889,4.134486802,NA,NA,NA,0.888915085,2.240399955,NA,NA,NA
UL,NA,7,Sed,52A,1,5/24/2021,4.106495055,0.021891892,0.0378,622.7644491,48.36666667,2.335,240.7,8.86,14.70735758,9.5,0.030783651,112.9452055,15.64516129,5,NA,4.566231404,3.061943148,321.7777778,5.511,0.002310837,197.6438356,5,39.27777778,33.36363636,20.28766322,12.58023563,245.5079365,3.987625878,1.8018,0.94,6.95,NA,1.219166609,66.23,0.36,0.54356032
UL,NA,7,Sed,52B,1,5/24/2021,4.106495055,0.021891892,0.0378,622.7644491,48.36666667,2.335,240.7,8.86,14.70735758,9.5,0.030783651,112.9452055,15.64516129,5,NA,4.566231404,3.061943148,321.7777778,5.511,0.002310837,197.6438356,5,39.27777778,33.36363636,20.28766322,12.58023563,245.5079365,3.987625878,1.8018,0.94,6.95,NA,1.265377944,69.37,0.35,0.504540868
UL,NA,7,Sed,52C,1,5/24/2021,4.106495055,0.021891892,0.0378,622.7644491,48.36666667,2.335,240.7,8.86,14.70735758,9.5,0.030783651,112.9452055,15.64516129,5,NA,4.566231404,3.061943148,321.7777778,5.511,0.002310837,197.6438356,5,39.27777778,33.36363636,20.28766322,12.58023563,245.5079365,3.987625878,1.8018,0.94,6.95,NA,1.188836666,66.84,0.4,0.598444045
UL,NA,7,NA,NA,3,7/27/2021,18.95876244,0.072554745,0.0562,658.515137,69.13333333,31.59466667,382.3,8.07,23.77268985,13.918,0.303487496,140.0136986,5,5,108.0909091,4.791983369,3.440520871,520.7460317,15.067,0.022403854,325.6986301,17.32258065,42,89.54545455,26.98713701,16.03475735,349.7142857,6.378014331,NA,NA,NA,NA,NA,NA,NA,NA
UL,NA,8,Plant,152A,3,7/27/2021,22.1956189,0.072554745,0.0562,658.515137,69.13333333,31.59466667,382.3,8.07,23.77268985,13.918,0.303487496,140.0136986,5,5,108.0909091,4.791983369,3.440520871,520.7460317,15.067,0.022403854,325.6986301,17.32258065,42,89.54545455,26.98713701,16.03475735,349.7142857,6.378014331,1.8338,0.59,7.27,1.238801258,1.235149656,NA,NA,NA
UL,NA,8,Plant,152B,3,7/27/2021,22.1956189,0.072554745,0.0562,658.515137,69.13333333,31.59466667,382.3,8.07,23.77268985,13.918,0.303487496,140.0136986,5,5,108.0909091,4.791983369,3.440520871,520.7460317,15.067,0.022403854,325.6986301,17.32258065,42,89.54545455,26.98713701,16.03475735,349.7142857,6.378014331,1.8338,0.59,7.27,1.315429727,1.39840624,NA,NA,NA
UL,NA,8,Plant,152C,3,7/27/2021,22.1956189,0.072554745,0.0562,658.515137,69.13333333,31.59466667,382.3,8.07,23.77268985,13.918,0.303487496,140.0136986,5,5,108.0909091,4.791983369,3.440520871,520.7460317,15.067,0.022403854,325.6986301,17.32258065,42,89.54545455,26.98713701,16.03475735,349.7142857,6.378014331,1.8338,0.59,7.27,1.144882672,1.24485395,NA,NA,NA
UL,NA,8,Sed,127A,3,7/27/2021,22.1956189,0.072554745,0.0562,658.515137,69.13333333,31.59466667,382.3,8.07,23.77268985,13.918,0.303487496,140.0136986,5,5,108.0909091,4.791983369,3.440520871,520.7460317,15.067,0.022403854,325.6986301,17.32258065,42,89.54545455,26.98713701,16.03475735,349.7142857,6.378014331,1.8338,0.59,7.27,NA,1.094290756,63.06,0.18,0.285442436
UL,NA,8,Sed,127B,3,7/27/2021,22.1956189,0.072554745,0.0562,658.515137,69.13333333,31.59466667,382.3,8.07,23.77268985,13.918,0.303487496,140.0136986,5,5,108.0909091,4.791983369,3.440520871,520.7460317,15.067,0.022403854,325.6986301,17.32258065,42,89.54545455,26.98713701,16.03475735,349.7142857,6.378014331,1.8338,0.59,7.27,NA,1.085832962,60.99,0.19,0.31152648
UL,NA,8,Sed,127C,3,7/27/2021,22.1956189,0.072554745,0.0562,658.515137,69.13333333,31.59466667,382.3,8.07,23.77268985,13.918,0.303487496,140.0136986,5,5,108.0909091,4.791983369,3.440520871,520.7460317,15.067,0.022403854,325.6986301,17.32258065,42,89.54545455,26.98713701,16.03475735,349.7142857,6.378014331,1.8338,0.59,7.27,NA,1.1359375,61.42,0.2,0.325626832
UL,NA,8,Sed,8A,2,6/21/2021,8.506824108,0.008088235,0.0228,704.637746,49.66666667,2.858666667,314,8.13,19.20080453,12.408,0.058856892,114.9863014,5,5,NA,7.189176899,4.620312653,386.6190476,11.054,0.006696858,238.2328767,29.32258065,39.55555556,100.4090909,23.34262327,13.0877256,297.8888889,4.134486802,1.9576,0.48,7.26,NA,0.593269841,69.5,0.28,0.402877698
UL,NA,8,Sed,8B,2,6/21/2021,8.506824108,0.008088235,0.0228,704.637746,49.66666667,2.858666667,314,8.13,19.20080453,12.408,0.058856892,114.9863014,5,5,NA,7.189176899,4.620312653,386.6190476,11.054,0.006696858,238.2328767,29.32258065,39.55555556,100.4090909,23.34262327,13.0877256,297.8888889,4.134486802,1.9576,0.48,7.26,NA,0.996659341,64.44,0.26,0.403476102
UL,NA,8,Sed,8C,2,6/21/2021,8.506824108,0.008088235,0.0228,704.637746,49.66666667,2.858666667,314,8.13,19.20080453,12.408,0.058856892,114.9863014,5,5,NA,7.189176899,4.620312653,386.6190476,11.054,0.006696858,238.2328767,29.32258065,39.55555556,100.4090909,23.34262327,13.0877256,297.8888889,4.134486802,1.9576,0.48,7.26,NA,1.117453608,68.58,0.24,0.349956255
UL,NA,8,NA,NA,1,5/24/2021,2.98103694,0.021891892,0.0378,622.7644491,48.36666667,2.335,240.7,8.86,14.70735758,9.5,0.030783651,112.9452055,15.64516129,5,NA,4.566231404,3.061943148,321.7777778,5.511,0.002310837,197.6438356,5,39.27777778,33.36363636,20.28766322,12.58023563,245.5079365,3.987625878,NA,NA,NA,NA,NA,NA,NA,NA
UL,NA,9,Plant,72A,1,5/24/2021,4.07259569,0.021891892,0.0378,622.7644491,48.36666667,2.335,240.7,8.86,14.70735758,9.5,0.030783651,112.9452055,15.64516129,5,NA,4.566231404,3.061943148,321.7777778,5.511,0.002310837,197.6438356,5,39.27777778,33.36363636,20.28766322,12.58023563,245.5079365,3.987625878,NA,NA,NA,1.666943381,0.901302093,NA,NA,NA
UL,NA,9,Plant,72B,1,5/24/2021,4.07259569,0.021891892,0.0378,622.7644491,48.36666667,2.335,240.7,8.86,14.70735758,9.5,0.030783651,112.9452055,15.64516129,5,NA,4.566231404,3.061943148,321.7777778,5.511,0.002310837,197.6438356,5,39.27777778,33.36363636,20.28766322,12.58023563,245.5079365,3.987625878,NA,NA,NA,2.18486403,0.934736313,NA,NA,NA
UL,NA,9,Plant,72C,1,5/24/2021,4.07259569,0.021891892,0.0378,622.7644491,48.36666667,2.335,240.7,8.86,14.70735758,9.5,0.030783651,112.9452055,15.64516129,5,NA,4.566231404,3.061943148,321.7777778,5.511,0.002310837,197.6438356,5,39.27777778,33.36363636,20.28766322,12.58023563,245.5079365,3.987625878,NA,NA,NA,0.189161681,0.27093293,NA,NA,NA
UL,NA,9,Sed,67A,2,6/21/2021,9.39763434,0.008088235,0.0228,704.637746,49.66666667,2.858666667,314,8.13,19.20080453,12.408,0.058856892,114.9863014,5,5,NA,7.189176899,4.620312653,386.6190476,11.054,0.006696858,238.2328767,29.32258065,39.55555556,100.4090909,23.34262327,13.0877256,297.8888889,4.134486802,1.9696,1.06,7.4,NA,1.257358691,67.16,0.57,0.848719476
UL,NA,9,Sed,67B,2,6/21/2021,9.39763434,0.008088235,0.0228,704.637746,49.66666667,2.858666667,314,8.13,19.20080453,12.408,0.058856892,114.9863014,5,5,NA,7.189176899,4.620312653,386.6190476,11.054,0.006696858,238.2328767,29.32258065,39.55555556,100.4090909,23.34262327,13.0877256,297.8888889,4.134486802,1.9696,1.06,7.4,NA,0.975637795,60.3,0.52,0.862354892
UL,NA,9,Sed,67C,2,6/21/2021,9.39763434,0.008088235,0.0228,704.637746,49.66666667,2.858666667,314,8.13,19.20080453,12.408,0.058856892,114.9863014,5,5,NA,7.189176899,4.620312653,386.6190476,11.054,0.006696858,238.2328767,29.32258065,39.55555556,100.4090909,23.34262327,13.0877256,297.8888889,4.134486802,1.9696,1.06,7.4,NA,1.902494983,48.33,0.39,0.806952204
UL,NA,9,NA,NA,3,7/27/2021,4.664229784,0.072554745,0.0562,658.515137,69.13333333,31.59466667,382.3,8.07,23.77268985,13.918,0.303487496,140.0136986,5,5,108.0909091,4.791983369,3.440520871,520.7460317,15.067,0.022403854,325.6986301,17.32258065,42,89.54545455,26.98713701,16.03475735,349.7142857,6.378014331,NA,NA,NA,NA,NA,NA,NA,NA
UL,NA,10,Plant,128A,3,7/27/2021,11.68795903,0.072554745,0.0562,658.515137,69.13333333,31.59466667,382.3,8.07,23.77268985,13.918,0.303487496,140.0136986,5,5,108.0909091,4.791983369,3.440520871,520.7460317,15.067,0.022403854,325.6986301,17.32258065,42,89.54545455,26.98713701,16.03475735,349.7142857,6.378014331,1.928,0.73,7.5,1.217520953,1.294117381,NA,NA,NA
UL,NA,10,Plant,128B,3,7/27/2021,11.68795903,0.072554745,0.0562,658.515137,69.13333333,31.59466667,382.3,8.07,23.77268985,13.918,0.303487496,140.0136986,5,5,108.0909091,4.791983369,3.440520871,520.7460317,15.067,0.022403854,325.6986301,17.32258065,42,89.54545455,26.98713701,16.03475735,349.7142857,6.378014331,1.928,0.73,7.5,0.812148321,1.183887353,NA,NA,NA
UL,NA,10,Plant,128C,3,7/27/2021,11.68795903,0.072554745,0.0562,658.515137,69.13333333,31.59466667,382.3,8.07,23.77268985,13.918,0.303487496,140.0136986,5,5,108.0909091,4.791983369,3.440520871,520.7460317,15.067,0.022403854,325.6986301,17.32258065,42,89.54545455,26.98713701,16.03475735,349.7142857,6.378014331,1.928,0.73,7.5,0.812764494,NA,NA,NA,NA
UL,NA,10,Plant,62A,1,5/24/2021,3.580337458,0.021891892,0.0378,622.7644491,48.36666667,2.335,240.7,8.86,14.70735758,9.5,0.030783651,112.9452055,15.64516129,5,NA,4.566231404,3.061943148,321.7777778,5.511,0.002310837,197.6438356,5,39.27777778,33.36363636,20.28766322,12.58023563,245.5079365,3.987625878,NA,NA,NA,2.553676373,0.909717457,NA,NA,NA
UL,NA,10,Plant,62B,1,5/24/2021,3.580337458,0.021891892,0.0378,622.7644491,48.36666667,2.335,240.7,8.86,14.70735758,9.5,0.030783651,112.9452055,15.64516129,5,NA,4.566231404,3.061943148,321.7777778,5.511,0.002310837,197.6438356,5,39.27777778,33.36363636,20.28766322,12.58023563,245.5079365,3.987625878,NA,NA,NA,4.543735246,2.224952083,NA,NA,NA
UL,NA,10,Plant,62C,1,5/24/2021,3.580337458,0.021891892,0.0378,622.7644491,48.36666667,2.335,240.7,8.86,14.70735758,9.5,0.030783651,112.9452055,15.64516129,5,NA,4.566231404,3.061943148,321.7777778,5.511,0.002310837,197.6438356,5,39.27777778,33.36363636,20.28766322,12.58023563,245.5079365,3.987625878,NA,NA,NA,NA,3.341430497,NA,NA,NA
UL,NA,10,Sed,122A,3,7/27/2021,11.68795903,0.072554745,0.0562,658.515137,69.13333333,31.59466667,382.3,8.07,23.77268985,13.918,0.303487496,140.0136986,5,5,108.0909091,4.791983369,3.440520871,520.7460317,15.067,0.022403854,325.6986301,17.32258065,42,89.54545455,26.98713701,16.03475735,349.7142857,6.378014331,1.928,0.73,7.5,NA,0.91699063,75.35,0.38,0.504313205
UL,NA,10,Sed,122B,3,7/27/2021,11.68795903,0.072554745,0.0562,658.515137,69.13333333,31.59466667,382.3,8.07,23.77268985,13.918,0.303487496,140.0136986,5,5,108.0909091,4.791983369,3.440520871,520.7460317,15.067,0.022403854,325.6986301,17.32258065,42,89.54545455,26.98713701,16.03475735,349.7142857,6.378014331,1.928,0.73,7.5,NA,1.4216343,64.37,0.27,0.419450054
UL,NA,10,Sed,122C,3,7/27/2021,11.68795903,0.072554745,0.0562,658.515137,69.13333333,31.59466667,382.3,8.07,23.77268985,13.918,0.303487496,140.0136986,5,5,108.0909091,4.791983369,3.440520871,520.7460317,15.067,0.022403854,325.6986301,17.32258065,42,89.54545455,26.98713701,16.03475735,349.7142857,6.378014331,1.928,0.73,7.5,NA,1.108354642,75.8,0.41,0.540897098
UL,NA,10,NA,NA,2,6/21/2021,17.66405752,0.008088235,0.0228,704.637746,49.66666667,2.858666667,314,8.13,19.20080453,12.408,0.058856892,114.9863014,5,5,NA,7.189176899,4.620312653,386.6190476,11.054,0.006696858,238.2328767,29.32258065,39.55555556,100.4090909,23.34262327,13.0877256,297.8888889,4.134486802,NA,NA,NA,NA,NA,NA,NA,NA
DL,NA,1,Plant,39A,1,6/1/2021,9.061307821,0.006923077,NA,665.686973,47,2.191666667,270.4,8.89,16.52271484,23.059,0.02132563,105.8082192,5,5,344.8181818,7.398687715,4.499559414,266.8571429,3.695,0,168.2054795,5,NA,NA,17.21971026,10.70692863,262.3333333,1.393585444,NA,NA,NA,3.883592934,1.852500005,NA,NA,NA
DL,NA,1,Plant,39B,1,6/1/2021,9.061307821,0.006923077,NA,665.686973,47,2.191666667,270.4,8.89,16.52271484,23.059,0.02132563,105.8082192,5,5,344.8181818,7.398687715,4.499559414,266.8571429,3.695,0,168.2054795,5,NA,NA,17.21971026,10.70692863,262.3333333,1.393585444,NA,NA,NA,1.255595623,1.874460044,NA,NA,NA
DL,NA,1,Plant,39C,1,6/1/2021,9.061307821,0.006923077,NA,665.686973,47,2.191666667,270.4,8.89,16.52271484,23.059,0.02132563,105.8082192,5,5,344.8181818,7.398687715,4.499559414,266.8571429,3.695,0,168.2054795,5,NA,NA,17.21971026,10.70692863,262.3333333,1.393585444,NA,NA,NA,3.712256762,1.856169873,NA,NA,NA
DL,NA,1,Sed,113A,2,6/29/2021,34.2233703,0.004313725,0.0279,708.0092736,48.36666667,2.967,325.2,7.93,20.62555768,7.63,0.348475903,135.890411,5,5,357.4545455,8.001234327,5.297509872,711.0634921,13.231,0.003552937,251.0410959,17.70967742,41.38888889,146.6363636,23.65932567,13.00776737,501.0634921,2.745228413,1.6422,1.36,7.7,NA,1.965363347,45.92,0.52,1.132404181
DL,NA,1,Sed,113B,2,6/29/2021,34.2233703,0.004313725,0.0279,708.0092736,48.36666667,2.967,325.2,7.93,20.62555768,7.63,0.348475903,135.890411,5,5,357.4545455,8.001234327,5.297509872,711.0634921,13.231,0.003552937,251.0410959,17.70967742,41.38888889,146.6363636,23.65932567,13.00776737,501.0634921,2.745228413,1.6422,1.36,7.7,NA,0.980075469,55.12,0.58,1.052249637
DL,NA,1,Sed,113C,2,6/29/2021,34.2233703,0.004313725,0.0279,708.0092736,48.36666667,2.967,325.2,7.93,20.62555768,7.63,0.348475903,135.890411,5,5,357.4545455,8.001234327,5.297509872,711.0634921,13.231,0.003552937,251.0410959,17.70967742,41.38888889,146.6363636,23.65932567,13.00776737,501.0634921,2.745228413,1.6422,1.36,7.7,NA,1.974759981,48.94,0.58,1.185124642
DL,NA,1,NA,NA,3,8/2/2021,3.230807752,0.10448,0.0637,638.3011101,71.86666667,34.35833333,387,8.2,24.28957546,10.08,0.708719158,148.2465753,5,5,183.6363636,10.47800948,7.002741425,1383.761905,19.733,NA,325.1232877,16.90322581,40.22222222,132.7272727,26.55837069,15.73287425,644.0793651,4.285000646,NA,NA,NA,NA,NA,NA,NA,NA
DL,NA,2,Plant,94A,1,6/1/2021,18.05556456,0.006923077,NA,665.686973,47,2.191666667,270.4,8.89,16.52271484,23.059,0.02132563,105.8082192,5,5,344.8181818,7.398687715,4.499559414,266.8571429,3.695,0,168.2054795,5,NA,NA,17.21971026,10.70692863,262.3333333,1.393585444,1.7478,1.79,7.2,4.851308209,1.970149649,NA,NA,NA
DL,NA,2,Plant,94B,1,6/1/2021,18.05556456,0.006923077,NA,665.686973,47,2.191666667,270.4,8.89,16.52271484,23.059,0.02132563,105.8082192,5,5,344.8181818,7.398687715,4.499559414,266.8571429,3.695,0,168.2054795,5,NA,NA,17.21971026,10.70692863,262.3333333,1.393585444,1.7478,1.79,7.2,3.509095667,1.868380288,NA,NA,NA
DL,NA,2,Plant,94C,1,6/1/2021,18.05556456,0.006923077,NA,665.686973,47,2.191666667,270.4,8.89,16.52271484,23.059,0.02132563,105.8082192,5,5,344.8181818,7.398687715,4.499559414,266.8571429,3.695,0,168.2054795,5,NA,NA,17.21971026,10.70692863,262.3333333,1.393585444,1.7478,1.79,7.2,4.198928891,NA,NA,NA,NA
DL,NA,2,Sed,84A,2,6/29/2021,19.72759432,0.004313725,0.0279,708.0092736,48.36666667,2.967,325.2,7.93,20.62555768,7.63,0.348475903,135.890411,5,5,357.4545455,8.001234327,5.297509872,711.0634921,13.231,0.003552937,251.0410959,17.70967742,41.38888889,146.6363636,23.65932567,13.00776737,501.0634921,2.745228413,1.8394,0.86,7.87,NA,0.814710744,72.6,0.75,1.033057851
DL,NA,2,Sed,84B,2,6/29/2021,19.72759432,0.004313725,0.0279,708.0092736,48.36666667,2.967,325.2,7.93,20.62555768,7.63,0.348475903,135.890411,5,5,357.4545455,8.001234327,5.297509872,711.0634921,13.231,0.003552937,251.0410959,17.70967742,41.38888889,146.6363636,23.65932567,13.00776737,501.0634921,2.745228413,1.8394,0.86,7.87,NA,1.041237179,59.28,0.61,1.029014845
DL,NA,2,Sed,84C,2,6/29/2021,19.72759432,0.004313725,0.0279,708.0092736,48.36666667,2.967,325.2,7.93,20.62555768,7.63,0.348475903,135.890411,5,5,357.4545455,8.001234327,5.297509872,711.0634921,13.231,0.003552937,251.0410959,17.70967742,41.38888889,146.6363636,23.65932567,13.00776737,501.0634921,2.745228413,1.8394,0.86,7.87,NA,1.132983826,63.67,0.58,0.910947071
DL,NA,2,Sed,94A,3,8/2/2021,2.239585424,0.10448,0.0637,638.3011101,71.86666667,34.35833333,387,8.2,24.28957546,10.08,0.708719158,148.2465753,5,5,183.6363636,10.47800948,7.002741425,1383.761905,19.733,NA,325.1232877,16.90322581,40.22222222,132.7272727,26.55837069,15.73287425,644.0793651,4.285000646,1.8016,0.84,7.92,NA,1.44524103,50.51,0.51,1.009701049
DL,NA,2,Sed,94B,3,8/2/2021,2.239585424,0.10448,0.0637,638.3011101,71.86666667,34.35833333,387,8.2,24.28957546,10.08,0.708719158,148.2465753,5,5,183.6363636,10.47800948,7.002741425,1383.761905,19.733,NA,325.1232877,16.90322581,40.22222222,132.7272727,26.55837069,15.73287425,644.0793651,4.285000646,1.8016,0.84,7.92,NA,2.207048063,51.58,0.41,0.794881737
DL,NA,2,Sed,94C,3,8/2/2021,2.239585424,0.10448,0.0637,638.3011101,71.86666667,34.35833333,387,8.2,24.28957546,10.08,0.708719158,148.2465753,5,5,183.6363636,10.47800948,7.002741425,1383.761905,19.733,NA,325.1232877,16.90322581,40.22222222,132.7272727,26.55837069,15.73287425,644.0793651,4.285000646,1.8016,0.84,7.92,NA,1.642460347,54.39,0.43,0.790586505
DL,NA,2,Sed,96A,1,6/1/2021,18.05556456,0.006923077,NA,665.686973,47,2.191666667,270.4,8.89,16.52271484,23.059,0.02132563,105.8082192,5,5,344.8181818,7.398687715,4.499559414,266.8571429,3.695,0,168.2054795,5,NA,NA,17.21971026,10.70692863,262.3333333,1.393585444,1.7478,1.79,7.2,NA,0.368185358,48.77,0.96,1.968423211
DL,NA,2,Sed,96B,1,6/1/2021,18.05556456,0.006923077,NA,665.686973,47,2.191666667,270.4,8.89,16.52271484,23.059,0.02132563,105.8082192,5,5,344.8181818,7.398687715,4.499559414,266.8571429,3.695,0,168.2054795,5,NA,NA,17.21971026,10.70692863,262.3333333,1.393585444,1.7478,1.79,7.2,NA,0.239018692,57.84,0.96,1.659751037
DL,NA,2,Sed,96C,1,6/1/2021,18.05556456,0.006923077,NA,665.686973,47,2.191666667,270.4,8.89,16.52271484,23.059,0.02132563,105.8082192,5,5,344.8181818,7.398687715,4.499559414,266.8571429,3.695,0,168.2054795,5,NA,NA,17.21971026,10.70692863,262.3333333,1.393585444,1.7478,1.79,7.2,NA,0.387968694,57.49,0.93,1.617672639
DL,NA,3,Plant,32A,1,6/1/2021,13.01158291,0.006923077,NA,665.686973,47,2.191666667,270.4,8.89,16.52271484,23.059,0.02132563,105.8082192,5,5,344.8181818,7.398687715,4.499559414,266.8571429,3.695,0,168.2054795,5,NA,NA,17.21971026,10.70692863,262.3333333,1.393585444,1.9242,0.42,7.68,3.224446449,2.149437274,NA,NA,NA
DL,NA,3,Plant,32B,1,6/1/2021,13.01158291,0.006923077,NA,665.686973,47,2.191666667,270.4,8.89,16.52271484,23.059,0.02132563,105.8082192,5,5,344.8181818,7.398687715,4.499559414,266.8571429,3.695,0,168.2054795,5,NA,NA,17.21971026,10.70692863,262.3333333,1.393585444,1.9242,0.42,7.68,3.031948083,1.904621732,NA,NA,NA
DL,NA,3,Plant,32C,1,6/1/2021,13.01158291,0.006923077,NA,665.686973,47,2.191666667,270.4,8.89,16.52271484,23.059,0.02132563,105.8082192,5,5,344.8181818,7.398687715,4.499559414,266.8571429,3.695,0,168.2054795,5,NA,NA,17.21971026,10.70692863,262.3333333,1.393585444,1.9242,0.42,7.68,3.103871219,1.73669898,NA,NA,NA
DL,NA,3,Plant,77A,3,8/2/2021,10.84612121,0.10448,0.0637,638.3011101,71.86666667,34.35833333,387,8.2,24.28957546,10.08,0.708719158,148.2465753,5,5,183.6363636,10.47800948,7.002741425,1383.761905,19.733,NA,325.1232877,16.90322581,40.22222222,132.7272727,26.55837069,15.73287425,644.0793651,4.285000646,1.7826,1.01,7.96,0.829240299,1.40019662,NA,NA,NA
DL,NA,3,Plant,77B,3,8/2/2021,10.84612121,0.10448,0.0637,638.3011101,71.86666667,34.35833333,387,8.2,24.28957546,10.08,0.708719158,148.2465753,5,5,183.6363636,10.47800948,7.002741425,1383.761905,19.733,NA,325.1232877,16.90322581,40.22222222,132.7272727,26.55837069,15.73287425,644.0793651,4.285000646,1.7826,1.01,7.96,NA,2.734181633,NA,NA,NA
DL,NA,3,Plant,77C,3,8/2/2021,10.84612121,0.10448,0.0637,638.3011101,71.86666667,34.35833333,387,8.2,24.28957546,10.08,0.708719158,148.2465753,5,5,183.6363636,10.47800948,7.002741425,1383.761905,19.733,NA,325.1232877,16.90322581,40.22222222,132.7272727,26.55837069,15.73287425,644.0793651,4.285000646,1.7826,1.01,7.96,3.613990995,2.148801929,NA,NA,NA
DL,NA,3,Sed,44A,3,8/2/2021,10.84612121,0.10448,0.0637,638.3011101,71.86666667,34.35833333,387,8.2,24.28957546,10.08,0.708719158,148.2465753,5,5,183.6363636,10.47800948,7.002741425,1383.761905,19.733,NA,325.1232877,16.90322581,40.22222222,132.7272727,26.55837069,15.73287425,644.0793651,4.285000646,1.7826,1.01,7.96,NA,1.871355499,32.58,0.5,1.534683855
DL,NA,3,Sed,44B,3,8/2/2021,10.84612121,0.10448,0.0637,638.3011101,71.86666667,34.35833333,387,8.2,24.28957546,10.08,0.708719158,148.2465753,5,5,183.6363636,10.47800948,7.002741425,1383.761905,19.733,NA,325.1232877,16.90322581,40.22222222,132.7272727,26.55837069,15.73287425,644.0793651,4.285000646,1.7826,1.01,7.96,NA,1.863943883,33.05,0.49,1.482602118
DL,NA,3,Sed,44C,3,8/2/2021,10.84612121,0.10448,0.0637,638.3011101,71.86666667,34.35833333,387,8.2,24.28957546,10.08,0.708719158,148.2465753,5,5,183.6363636,10.47800948,7.002741425,1383.761905,19.733,NA,325.1232877,16.90322581,40.22222222,132.7272727,26.55837069,15.73287425,644.0793651,4.285000646,1.7826,1.01,7.96,NA,2.136521953,28.27,0.38,1.344181111
DL,NA,3,Sed,89A,1,6/1/2021,13.01158291,0.006923077,NA,665.686973,47,2.191666667,270.4,8.89,16.52271484,23.059,0.02132563,105.8082192,5,5,344.8181818,7.398687715,4.499559414,266.8571429,3.695,0,168.2054795,5,NA,NA,17.21971026,10.70692863,262.3333333,1.393585444,1.9242,0.42,7.68,NA,0.377565337,47.76,0.18,0.376884422
DL,NA,3,Sed,89B,1,6/1/2021,13.01158291,0.006923077,NA,665.686973,47,2.191666667,270.4,8.89,16.52271484,23.059,0.02132563,105.8082192,5,5,344.8181818,7.398687715,4.499559414,266.8571429,3.695,0,168.2054795,5,NA,NA,17.21971026,10.70692863,262.3333333,1.393585444,1.9242,0.42,7.68,NA,0.566290792,59.45,0.25,0.420521447
DL,NA,3,Sed,89C,1,6/1/2021,13.01158291,0.006923077,NA,665.686973,47,2.191666667,270.4,8.89,16.52271484,23.059,0.02132563,105.8082192,5,5,344.8181818,7.398687715,4.499559414,266.8571429,3.695,0,168.2054795,5,NA,NA,17.21971026,10.70692863,262.3333333,1.393585444,1.9242,0.42,7.68,NA,0.669408382,61.32,0.26,0.424005219
DL,NA,3,NA,NA,2,6/29/2021,18.08421304,0.004313725,0.0279,708.0092736,48.36666667,2.967,325.2,7.93,20.62555768,7.63,0.348475903,135.890411,5,5,357.4545455,8.001234327,5.297509872,711.0634921,13.231,0.003552937,251.0410959,17.70967742,41.38888889,146.6363636,23.65932567,13.00776737,501.0634921,2.745228413,NA,NA,NA,NA,NA,NA,NA,NA
DL,NA,4,Plant,103A,2,6/29/2021,13.5898792,0.004313725,0.0279,708.0092736,48.36666667,2.967,325.2,7.93,20.62555768,7.63,0.348475903,135.890411,5,5,357.4545455,8.001234327,5.297509872,711.0634921,13.231,0.003552937,251.0410959,17.70967742,41.38888889,146.6363636,23.65932567,13.00776737,501.0634921,2.745228413,1.6812,0.87,6.96,0,1.355510455,NA,NA,NA
DL,NA,4,Plant,103B,2,6/29/2021,13.5898792,0.004313725,0.0279,708.0092736,48.36666667,2.967,325.2,7.93,20.62555768,7.63,0.348475903,135.890411,5,5,357.4545455,8.001234327,5.297509872,711.0634921,13.231,0.003552937,251.0410959,17.70967742,41.38888889,146.6363636,23.65932567,13.00776737,501.0634921,2.745228413,1.6812,0.87,6.96,0,1.35844565,NA,NA,NA
DL,NA,4,Plant,103C,2,6/29/2021,13.5898792,0.004313725,0.0279,708.0092736,48.36666667,2.967,325.2,7.93,20.62555768,7.63,0.348475903,135.890411,5,5,357.4545455,8.001234327,5.297509872,711.0634921,13.231,0.003552937,251.0410959,17.70967742,41.38888889,146.6363636,23.65932567,13.00776737,501.0634921,2.745228413,1.6812,0.87,6.96,0.764032776,1.327693112,NA,NA,NA
DL,NA,4,Plant,26A,3,8/2/2021,5.106547317,0.10448,0.0637,638.3011101,71.86666667,34.35833333,387,8.2,24.28957546,10.08,0.708719158,148.2465753,5,5,183.6363636,10.47800948,7.002741425,1383.761905,19.733,NA,325.1232877,16.90322581,40.22222222,132.7272727,26.55837069,15.73287425,644.0793651,4.285000646,1.9134,0.41,7.51,1.008621508,1.597206848,NA,NA,NA
DL,NA,4,Plant,26B,3,8/2/2021,5.106547317,0.10448,0.0637,638.3011101,71.86666667,34.35833333,387,8.2,24.28957546,10.08,0.708719158,148.2465753,5,5,183.6363636,10.47800948,7.002741425,1383.761905,19.733,NA,325.1232877,16.90322581,40.22222222,132.7272727,26.55837069,15.73287425,644.0793651,4.285000646,1.9134,0.41,7.51,0.384594635,1.422737792,NA,NA,NA
DL,NA,4,Plant,26C,3,8/2/2021,5.106547317,0.10448,0.0637,638.3011101,71.86666667,34.35833333,387,8.2,24.28957546,10.08,0.708719158,148.2465753,5,5,183.6363636,10.47800948,7.002741425,1383.761905,19.733,NA,325.1232877,16.90322581,40.22222222,132.7272727,26.55837069,15.73287425,644.0793651,4.285000646,1.9134,0.41,7.51,1.516366116,1.30054896,NA,NA,NA
DL,NA,4,Sed,129A,3,8/2/2021,5.106547317,0.10448,0.0637,638.3011101,71.86666667,34.35833333,387,8.2,24.28957546,10.08,0.708719158,148.2465753,5,5,183.6363636,10.47800948,7.002741425,1383.761905,19.733,NA,325.1232877,16.90322581,40.22222222,132.7272727,26.55837069,15.73287425,644.0793651,4.285000646,1.9134,0.41,7.51,NA,1.095655693,64.76,0.24,0.370599135
DL,NA,4,Sed,129B,3,8/2/2021,5.106547317,0.10448,0.0637,638.3011101,71.86666667,34.35833333,387,8.2,24.28957546,10.08,0.708719158,148.2465753,5,5,183.6363636,10.47800948,7.002741425,1383.761905,19.733,NA,325.1232877,16.90322581,40.22222222,132.7272727,26.55837069,15.73287425,644.0793651,4.285000646,1.9134,0.41,7.51,NA,1.289423195,62.5,0.22,0.352
DL,NA,4,Sed,129C,3,8/2/2021,5.106547317,0.10448,0.0637,638.3011101,71.86666667,34.35833333,387,8.2,24.28957546,10.08,0.708719158,148.2465753,5,5,183.6363636,10.47800948,7.002741425,1383.761905,19.733,NA,325.1232877,16.90322581,40.22222222,132.7272727,26.55837069,15.73287425,644.0793651,4.285000646,1.9134,0.41,7.51,NA,1.531991561,62.87,0.22,0.349928424
DL,NA,4,Sed,13A,2,6/29/2021,13.5898792,0.004313725,0.0279,708.0092736,48.36666667,2.967,325.2,7.93,20.62555768,7.63,0.348475903,135.890411,5,5,357.4545455,8.001234327,5.297509872,711.0634921,13.231,0.003552937,251.0410959,17.70967742,41.38888889,146.6363636,23.65932567,13.00776737,501.0634921,2.745228413,1.6812,0.87,6.96,NA,1.650687116,37.33,0.59,1.580498259
DL,NA,4,Sed,13B,2,6/29/2021,13.5898792,0.004313725,0.0279,708.0092736,48.36666667,2.967,325.2,7.93,20.62555768,7.63,0.348475903,135.890411,5,5,357.4545455,8.001234327,5.297509872,711.0634921,13.231,0.003552937,251.0410959,17.70967742,41.38888889,146.6363636,23.65932567,13.00776737,501.0634921,2.745228413,1.6812,0.87,6.96,NA,1.275544377,37.77,0.5,1.323801959
DL,NA,4,Sed,13C,2,6/29/2021,13.5898792,0.004313725,0.0279,708.0092736,48.36666667,2.967,325.2,7.93,20.62555768,7.63,0.348475903,135.890411,5,5,357.4545455,8.001234327,5.297509872,711.0634921,13.231,0.003552937,251.0410959,17.70967742,41.38888889,146.6363636,23.65932567,13.00776737,501.0634921,2.745228413,1.6812,0.87,6.96,NA,1.470352185,42.54,0.46,1.081335214
DL,NA,4,NA,NA,1,6/1/2021,7.63190401,0.006923077,NA,665.686973,47,2.191666667,270.4,8.89,16.52271484,23.059,0.02132563,105.8082192,5,5,344.8181818,7.398687715,4.499559414,266.8571429,3.695,0,168.2054795,5,NA,NA,17.21971026,10.70692863,262.3333333,1.393585444,NA,NA,NA,NA,NA,NA,NA,NA
DL,NA,5,Plant,104A,2,6/29/2021,16.64187884,0.004313725,0.0279,708.0092736,48.36666667,2.967,325.2,7.93,20.62555768,7.63,0.348475903,135.890411,5,5,357.4545455,8.001234327,5.297509872,711.0634921,13.231,0.003552937,251.0410959,17.70967742,41.38888889,146.6363636,23.65932567,13.00776737,501.0634921,2.745228413,NA,NA,NA,2.208501253,1.651695269,NA,NA,NA
DL,NA,5,Plant,104B,2,6/29/2021,16.64187884,0.004313725,0.0279,708.0092736,48.36666667,2.967,325.2,7.93,20.62555768,7.63,0.348475903,135.890411,5,5,357.4545455,8.001234327,5.297509872,711.0634921,13.231,0.003552937,251.0410959,17.70967742,41.38888889,146.6363636,23.65932567,13.00776737,501.0634921,2.745228413,NA,NA,NA,2.907569669,1.755350794,NA,NA,NA
DL,NA,5,Plant,104C,2,6/29/2021,16.64187884,0.004313725,0.0279,708.0092736,48.36666667,2.967,325.2,7.93,20.62555768,7.63,0.348475903,135.890411,5,5,357.4545455,8.001234327,5.297509872,711.0634921,13.231,0.003552937,251.0410959,17.70967742,41.38888889,146.6363636,23.65932567,13.00776737,501.0634921,2.745228413,NA,NA,NA,2.962224648,1.630685943,NA,NA,NA
DL,NA,5,Plant,26A,1,6/1/2021,11.58163621,0.006923077,NA,665.686973,47,2.191666667,270.4,8.89,16.52271484,23.059,0.02132563,105.8082192,5,5,344.8181818,7.398687715,4.499559414,266.8571429,3.695,0,168.2054795,5,NA,NA,17.21971026,10.70692863,262.3333333,1.393585444,1.411,7.55,6.83,4.857714529,NA,NA,NA,NA
DL,NA,5,Plant,26B,1,6/1/2021,11.58163621,0.006923077,NA,665.686973,47,2.191666667,270.4,8.89,16.52271484,23.059,0.02132563,105.8082192,5,5,344.8181818,7.398687715,4.499559414,266.8571429,3.695,0,168.2054795,5,NA,NA,17.21971026,10.70692863,262.3333333,1.393585444,1.411,7.55,6.83,2.765364317,2.170221877,NA,NA,NA
DL,NA,5,Plant,26C,1,6/1/2021,11.58163621,0.006923077,NA,665.686973,47,2.191666667,270.4,8.89,16.52271484,23.059,0.02132563,105.8082192,5,5,344.8181818,7.398687715,4.499559414,266.8571429,3.695,0,168.2054795,5,NA,NA,17.21971026,10.70692863,262.3333333,1.393585444,1.411,7.55,6.83,NA,NA,NA,NA,NA
DL,NA,5,Plant,74A,3,8/2/2021,11.23344145,0.10448,0.0637,638.3011101,71.86666667,34.35833333,387,8.2,24.28957546,10.08,0.708719158,148.2465753,5,5,183.6363636,10.47800948,7.002741425,1383.761905,19.733,NA,325.1232877,16.90322581,40.22222222,132.7272727,26.55837069,15.73287425,644.0793651,4.285000646,NA,NA,NA,1.617138572,1.185251637,NA,NA,NA
DL,NA,5,Plant,74B,3,8/2/2021,11.23344145,0.10448,0.0637,638.3011101,71.86666667,34.35833333,387,8.2,24.28957546,10.08,0.708719158,148.2465753,5,5,183.6363636,10.47800948,7.002741425,1383.761905,19.733,NA,325.1232877,16.90322581,40.22222222,132.7272727,26.55837069,15.73287425,644.0793651,4.285000646,NA,NA,NA,1.813184897,1.02104332,NA,NA,NA
DL,NA,5,Plant,74C,3,8/2/2021,11.23344145,0.10448,0.0637,638.3011101,71.86666667,34.35833333,387,8.2,24.28957546,10.08,0.708719158,148.2465753,5,5,183.6363636,10.47800948,7.002741425,1383.761905,19.733,NA,325.1232877,16.90322581,40.22222222,132.7272727,26.55837069,15.73287425,644.0793651,4.285000646,NA,NA,NA,1.305292704,1.065725482,NA,NA,NA
DL,NA,5,Sed,35A,1,6/1/2021,11.58163621,0.006923077,NA,665.686973,47,2.191666667,270.4,8.89,16.52271484,23.059,0.02132563,105.8082192,5,5,344.8181818,7.398687715,4.499559414,266.8571429,3.695,0,168.2054795,5,NA,NA,17.21971026,10.70692863,262.3333333,1.393585444,1.411,7.55,6.83,NA,0.451887447,14.91,1.9,12.74312542
DL,NA,5,Sed,35B,1,6/1/2021,11.58163621,0.006923077,NA,665.686973,47,2.191666667,270.4,8.89,16.52271484,23.059,0.02132563,105.8082192,5,5,344.8181818,7.398687715,4.499559414,266.8571429,3.695,0,168.2054795,5,NA,NA,17.21971026,10.70692863,262.3333333,1.393585444,1.411,7.55,6.83,NA,0.254834216,12.19,1.93,15.83264971
DL,NA,5,Sed,35C,1,6/1/2021,11.58163621,0.006923077,NA,665.686973,47,2.191666667,270.4,8.89,16.52271484,23.059,0.02132563,105.8082192,5,5,344.8181818,7.398687715,4.499559414,266.8571429,3.695,0,168.2054795,5,NA,NA,17.21971026,10.70692863,262.3333333,1.393585444,1.411,7.55,6.83,NA,0.448786163,19.67,2.14,10.87951195
DL,NA,6,Plant,42A,1,6/1/2021,6.326460045,0.006923077,NA,665.686973,47,2.191666667,270.4,8.89,16.52271484,23.059,0.02132563,105.8082192,5,5,344.8181818,7.398687715,4.499559414,266.8571429,3.695,0,168.2054795,5,NA,NA,17.21971026,10.70692863,262.3333333,1.393585444,1.7874,2.25,7.27,2.810348026,1.962808756,NA,NA,NA
DL,NA,6,Plant,42B,1,6/1/2021,6.326460045,0.006923077,NA,665.686973,47,2.191666667,270.4,8.89,16.52271484,23.059,0.02132563,105.8082192,5,5,344.8181818,7.398687715,4.499559414,266.8571429,3.695,0,168.2054795,5,NA,NA,17.21971026,10.70692863,262.3333333,1.393585444,1.7874,2.25,7.27,2.828434635,1.477107639,NA,NA,NA
DL,NA,6,Plant,42C,1,6/1/2021,6.326460045,0.006923077,NA,665.686973,47,2.191666667,270.4,8.89,16.52271484,23.059,0.02132563,105.8082192,5,5,344.8181818,7.398687715,4.499559414,266.8571429,3.695,0,168.2054795,5,NA,NA,17.21971026,10.70692863,262.3333333,1.393585444,1.7874,2.25,7.27,2.975305097,1.952935969,NA,NA,NA
DL,NA,6,Plant,58A,2,6/29/2021,24.40609245,0.004313725,0.0279,708.0092736,48.36666667,2.967,325.2,7.93,20.62555768,7.63,0.348475903,135.890411,5,5,357.4545455,8.001234327,5.297509872,711.0634921,13.231,0.003552937,251.0410959,17.70967742,41.38888889,146.6363636,23.65932567,13.00776737,501.0634921,2.745228413,1.6884,2.2,7.13,0.65034042,2.088810365,NA,NA,NA
DL,NA,6,Plant,58B,2,6/29/2021,24.40609245,0.004313725,0.0279,708.0092736,48.36666667,2.967,325.2,7.93,20.62555768,7.63,0.348475903,135.890411,5,5,357.4545455,8.001234327,5.297509872,711.0634921,13.231,0.003552937,251.0410959,17.70967742,41.38888889,146.6363636,23.65932567,13.00776737,501.0634921,2.745228413,1.6884,2.2,7.13,1.711463852,1.283154758,NA,NA,NA
DL,NA,6,Plant,58C,2,6/29/2021,24.40609245,0.004313725,0.0279,708.0092736,48.36666667,2.967,325.2,7.93,20.62555768,7.63,0.348475903,135.890411,5,5,357.4545455,8.001234327,5.297509872,711.0634921,13.231,0.003552937,251.0410959,17.70967742,41.38888889,146.6363636,23.65932567,13.00776737,501.0634921,2.745228413,1.6884,2.2,7.13,0,1.5588628,NA,NA,NA
DL,NA,6,Plant,78A,3,8/2/2021,3.675065868,0.10448,0.0637,638.3011101,71.86666667,34.35833333,387,8.2,24.28957546,10.08,0.708719158,148.2465753,5,5,183.6363636,10.47800948,7.002741425,1383.761905,19.733,NA,325.1232877,16.90322581,40.22222222,132.7272727,26.55837069,15.73287425,644.0793651,4.285000646,1.6884,1.9,7.25,1.845818729,1.690419249,NA,NA,NA
DL,NA,6,Plant,78B,3,8/2/2021,3.675065868,0.10448,0.0637,638.3011101,71.86666667,34.35833333,387,8.2,24.28957546,10.08,0.708719158,148.2465753,5,5,183.6363636,10.47800948,7.002741425,1383.761905,19.733,NA,325.1232877,16.90322581,40.22222222,132.7272727,26.55837069,15.73287425,644.0793651,4.285000646,1.6884,1.9,7.25,2.299993167,1.668616469,NA,NA,NA
DL,NA,6,Plant,78C,3,8/2/2021,3.675065868,0.10448,0.0637,638.3011101,71.86666667,34.35833333,387,8.2,24.28957546,10.08,0.708719158,148.2465753,5,5,183.6363636,10.47800948,7.002741425,1383.761905,19.733,NA,325.1232877,16.90322581,40.22222222,132.7272727,26.55837069,15.73287425,644.0793651,4.285000646,1.6884,1.9,7.25,2.821230066,1.969497541,NA,NA,NA
DL,NA,6,Sed,56A,1,6/1/2021,6.326460045,0.006923077,NA,665.686973,47,2.191666667,270.4,8.89,16.52271484,23.059,0.02132563,105.8082192,5,5,344.8181818,7.398687715,4.499559414,266.8571429,3.695,0,168.2054795,5,NA,NA,17.21971026,10.70692863,262.3333333,1.393585444,1.7874,2.25,7.27,NA,0.320423593,41.84,0.97,2.318355641
DL,NA,6,Sed,56B,1,6/1/2021,6.326460045,0.006923077,NA,665.686973,47,2.191666667,270.4,8.89,16.52271484,23.059,0.02132563,105.8082192,5,5,344.8181818,7.398687715,4.499559414,266.8571429,3.695,0,168.2054795,5,NA,NA,17.21971026,10.70692863,262.3333333,1.393585444,1.7874,2.25,7.27,NA,0.350121447,41.7,0.83,1.990407674
DL,NA,6,Sed,56C,1,6/1/2021,6.326460045,0.006923077,NA,665.686973,47,2.191666667,270.4,8.89,16.52271484,23.059,0.02132563,105.8082192,5,5,344.8181818,7.398687715,4.499559414,266.8571429,3.695,0,168.2054795,5,NA,NA,17.21971026,10.70692863,262.3333333,1.393585444,1.7874,2.25,7.27,NA,0.361743295,45.37,0.83,1.829402689
DL,NA,6,Sed,82A,2,6/29/2021,24.40609245,0.004313725,0.0279,708.0092736,48.36666667,2.967,325.2,7.93,20.62555768,7.63,0.348475903,135.890411,5,5,357.4545455,8.001234327,5.297509872,711.0634921,13.231,0.003552937,251.0410959,17.70967742,41.38888889,146.6363636,23.65932567,13.00776737,501.0634921,2.745228413,1.6884,2.2,7.13,NA,0.927299604,43.52,0.9,2.068014706
DL,NA,6,Sed,82B,2,6/29/2021,24.40609245,0.004313725,0.0279,708.0092736,48.36666667,2.967,325.2,7.93,20.62555768,7.63,0.348475903,135.890411,5,5,357.4545455,8.001234327,5.297509872,711.0634921,13.231,0.003552937,251.0410959,17.70967742,41.38888889,146.6363636,23.65932567,13.00776737,501.0634921,2.745228413,1.6884,2.2,7.13,NA,0.920063877,39.12,0.78,1.993865031
DL,NA,6,Sed,82C,2,6/29/2021,24.40609245,0.004313725,0.0279,708.0092736,48.36666667,2.967,325.2,7.93,20.62555768,7.63,0.348475903,135.890411,5,5,357.4545455,8.001234327,5.297509872,711.0634921,13.231,0.003552937,251.0410959,17.70967742,41.38888889,146.6363636,23.65932567,13.00776737,501.0634921,2.745228413,1.6884,2.2,7.13,NA,0.891279247,42.41,0.84,1.980664938
DL,NA,6,Sed,88A,3,8/2/2021,3.675065868,0.10448,0.0637,638.3011101,71.86666667,34.35833333,387,8.2,24.28957546,10.08,0.708719158,148.2465753,5,5,183.6363636,10.47800948,7.002741425,1383.761905,19.733,NA,325.1232877,16.90322581,40.22222222,132.7272727,26.55837069,15.73287425,644.0793651,4.285000646,1.6884,1.9,7.25,NA,1.677243473,43.92,0.39,0.887978142
DL,NA,6,Sed,88B,3,8/2/2021,3.675065868,0.10448,0.0637,638.3011101,71.86666667,34.35833333,387,8.2,24.28957546,10.08,0.708719158,148.2465753,5,5,183.6363636,10.47800948,7.002741425,1383.761905,19.733,NA,325.1232877,16.90322581,40.22222222,132.7272727,26.55837069,15.73287425,644.0793651,4.285000646,1.6884,1.9,7.25,NA,1.021541721,43.21,0.66,1.527424207
DL,NA,6,Sed,88C,3,8/2/2021,3.675065868,0.10448,0.0637,638.3011101,71.86666667,34.35833333,387,8.2,24.28957546,10.08,0.708719158,148.2465753,5,5,183.6363636,10.47800948,7.002741425,1383.761905,19.733,NA,325.1232877,16.90322581,40.22222222,132.7272727,26.55837069,15.73287425,644.0793651,4.285000646,1.6884,1.9,7.25,NA,1.938419118,38.06,0.56,1.471361009
DL,NA,7,Plant,107A,2,6/29/2021,28.43588944,0.004313725,0.0279,708.0092736,48.36666667,2.967,325.2,7.93,20.62555768,7.63,0.348475903,135.890411,5,5,357.4545455,8.001234327,5.297509872,711.0634921,13.231,0.003552937,251.0410959,17.70967742,41.38888889,146.6363636,23.65932567,13.00776737,501.0634921,2.745228413,NA,NA,NA,2.14268816,1.378544331,NA,NA,NA
DL,NA,7,Plant,107B,2,6/29/2021,28.43588944,0.004313725,0.0279,708.0092736,48.36666667,2.967,325.2,7.93,20.62555768,7.63,0.348475903,135.890411,5,5,357.4545455,8.001234327,5.297509872,711.0634921,13.231,0.003552937,251.0410959,17.70967742,41.38888889,146.6363636,23.65932567,13.00776737,501.0634921,2.745228413,NA,NA,NA,2.33970022,1.708116791,NA,NA,NA
DL,NA,7,Plant,107C,2,6/29/2021,28.43588944,0.004313725,0.0279,708.0092736,48.36666667,2.967,325.2,7.93,20.62555768,7.63,0.348475903,135.890411,5,5,357.4545455,8.001234327,5.297509872,711.0634921,13.231,0.003552937,251.0410959,17.70967742,41.38888889,146.6363636,23.65932567,13.00776737,501.0634921,2.745228413,NA,NA,NA,0.076102657,1.064905683,NA,NA,NA
DL,NA,7,Plant,54A,3,8/2/2021,6.721376168,0.10448,0.0637,638.3011101,71.86666667,34.35833333,387,8.2,24.28957546,10.08,0.708719158,148.2465753,5,5,183.6363636,10.47800948,7.002741425,1383.761905,19.733,NA,325.1232877,16.90322581,40.22222222,132.7272727,26.55837069,15.73287425,644.0793651,4.285000646,1.3632,4.66,6.92,NA,2.38026081,NA,NA,NA
DL,NA,7,Plant,54B,3,8/2/2021,6.721376168,0.10448,0.0637,638.3011101,71.86666667,34.35833333,387,8.2,24.28957546,10.08,0.708719158,148.2465753,5,5,183.6363636,10.47800948,7.002741425,1383.761905,19.733,NA,325.1232877,16.90322581,40.22222222,132.7272727,26.55837069,15.73287425,644.0793651,4.285000646,1.3632,4.66,6.92,2.874141263,1.569198654,NA,NA,NA
DL,NA,7,Plant,54C,3,8/2/2021,6.721376168,0.10448,0.0637,638.3011101,71.86666667,34.35833333,387,8.2,24.28957546,10.08,0.708719158,148.2465753,5,5,183.6363636,10.47800948,7.002741425,1383.761905,19.733,NA,325.1232877,16.90322581,40.22222222,132.7272727,26.55837069,15.73287425,644.0793651,4.285000646,1.3632,4.66,6.92,NA,2.039907623,NA,NA,NA
DL,NA,7,Sed,24A,1,6/1/2021,13.81488579,0.006923077,NA,665.686973,47,2.191666667,270.4,8.89,16.52271484,23.059,0.02132563,105.8082192,5,5,344.8181818,7.398687715,4.499559414,266.8571429,3.695,0,168.2054795,5,NA,NA,17.21971026,10.70692863,262.3333333,1.393585444,1.8412,0.99,7.4,NA,0.7732051,56.71,0.6,1.05801446
DL,NA,7,Sed,24B,1,6/1/2021,13.81488579,0.006923077,NA,665.686973,47,2.191666667,270.4,8.89,16.52271484,23.059,0.02132563,105.8082192,5,5,344.8181818,7.398687715,4.499559414,266.8571429,3.695,0,168.2054795,5,NA,NA,17.21971026,10.70692863,262.3333333,1.393585444,1.8412,0.99,7.4,NA,0.508767513,58.26,0.71,1.218674906
DL,NA,7,Sed,24C,1,6/1/2021,13.81488579,0.006923077,NA,665.686973,47,2.191666667,270.4,8.89,16.52271484,23.059,0.02132563,105.8082192,5,5,344.8181818,7.398687715,4.499559414,266.8571429,3.695,0,168.2054795,5,NA,NA,17.21971026,10.70692863,262.3333333,1.393585444,1.8412,0.99,7.4,NA,0.712252915,51.28,0.6,1.170046802
DL,NA,7,Sed,2A,3,8/2/2021,6.721376168,0.10448,0.0637,638.3011101,71.86666667,34.35833333,387,8.2,24.28957546,10.08,0.708719158,148.2465753,5,5,183.6363636,10.47800948,7.002741425,1383.761905,19.733,NA,325.1232877,16.90322581,40.22222222,132.7272727,26.55837069,15.73287425,644.0793651,4.285000646,1.3632,4.66,6.92,NA,0.798215037,18.29,0.78,4.264625478
DL,NA,7,Sed,2B,3,8/2/2021,6.721376168,0.10448,0.0637,638.3011101,71.86666667,34.35833333,387,8.2,24.28957546,10.08,0.708719158,148.2465753,5,5,183.6363636,10.47800948,7.002741425,1383.761905,19.733,NA,325.1232877,16.90322581,40.22222222,132.7272727,26.55837069,15.73287425,644.0793651,4.285000646,1.3632,4.66,6.92,NA,1.215462185,27.64,0.75,2.713458755
DL,NA,7,Sed,2C,3,8/2/2021,6.721376168,0.10448,0.0637,638.3011101,71.86666667,34.35833333,387,8.2,24.28957546,10.08,0.708719158,148.2465753,5,5,183.6363636,10.47800948,7.002741425,1383.761905,19.733,NA,325.1232877,16.90322581,40.22222222,132.7272727,26.55837069,15.73287425,644.0793651,4.285000646,1.3632,4.66,6.92,NA,0.832996216,19.79,0.75,3.789792825
DL,NA,8,Plant,111A,2,6/29/2021,19.58012732,0.004313725,0.0279,708.0092736,48.36666667,2.967,325.2,7.93,20.62555768,7.63,0.348475903,135.890411,5,5,357.4545455,8.001234327,5.297509872,711.0634921,13.231,0.003552937,251.0410959,17.70967742,41.38888889,146.6363636,23.65932567,13.00776737,501.0634921,2.745228413,1.707,1.01,7.59,0.682342456,1.18622753,NA,NA,NA
DL,NA,8,Plant,111B,2,6/29/2021,19.58012732,0.004313725,0.0279,708.0092736,48.36666667,2.967,325.2,7.93,20.62555768,7.63,0.348475903,135.890411,5,5,357.4545455,8.001234327,5.297509872,711.0634921,13.231,0.003552937,251.0410959,17.70967742,41.38888889,146.6363636,23.65932567,13.00776737,501.0634921,2.745228413,1.707,1.01,7.59,0.362430547,0.993862605,NA,NA,NA
DL,NA,8,Plant,111C,2,6/29/2021,19.58012732,0.004313725,0.0279,708.0092736,48.36666667,2.967,325.2,7.93,20.62555768,7.63,0.348475903,135.890411,5,5,357.4545455,8.001234327,5.297509872,711.0634921,13.231,0.003552937,251.0410959,17.70967742,41.38888889,146.6363636,23.65932567,13.00776737,501.0634921,2.745228413,1.707,1.01,7.59,1.096116832,1.632197364,NA,NA,NA
DL,NA,8,Sed,108A,2,6/29/2021,19.58012732,0.004313725,0.0279,708.0092736,48.36666667,2.967,325.2,7.93,20.62555768,7.63,0.348475903,135.890411,5,5,357.4545455,8.001234327,5.297509872,711.0634921,13.231,0.003552937,251.0410959,17.70967742,41.38888889,146.6363636,23.65932567,13.00776737,501.0634921,2.745228413,1.707,1.01,7.59,NA,0.833706557,49.91,0.67,1.342416349
DL,NA,8,Sed,108B,2,6/29/2021,19.58012732,0.004313725,0.0279,708.0092736,48.36666667,2.967,325.2,7.93,20.62555768,7.63,0.348475903,135.890411,5,5,357.4545455,8.001234327,5.297509872,711.0634921,13.231,0.003552937,251.0410959,17.70967742,41.38888889,146.6363636,23.65932567,13.00776737,501.0634921,2.745228413,1.707,1.01,7.59,NA,1.548230933,44.29,0.86,1.941747573
DL,NA,8,Sed,108C,2,6/29/2021,19.58012732,0.004313725,0.0279,708.0092736,48.36666667,2.967,325.2,7.93,20.62555768,7.63,0.348475903,135.890411,5,5,357.4545455,8.001234327,5.297509872,711.0634921,13.231,0.003552937,251.0410959,17.70967742,41.38888889,146.6363636,23.65932567,13.00776737,501.0634921,2.745228413,1.707,1.01,7.59,NA,1.45588843,39.85,0.6,1.505646173
DL,NA,8,Sed,95A,1,6/1/2021,4.142067372,0.006923077,NA,665.686973,47,2.191666667,270.4,8.89,16.52271484,23.059,0.02132563,105.8082192,5,5,344.8181818,7.398687715,4.499559414,266.8571429,3.695,0,168.2054795,5,NA,NA,17.21971026,10.70692863,262.3333333,1.393585444,1.7536,1.29,7.06,NA,NA,58,0.57,0.982758621
DL,NA,8,Sed,95B,1,6/1/2021,4.142067372,0.006923077,NA,665.686973,47,2.191666667,270.4,8.89,16.52271484,23.059,0.02132563,105.8082192,5,5,344.8181818,7.398687715,4.499559414,266.8571429,3.695,0,168.2054795,5,NA,NA,17.21971026,10.70692863,262.3333333,1.393585444,1.7536,1.29,7.06,NA,NA,47.66,0.46,0.965169954
DL,NA,8,Sed,95C,1,6/1/2021,4.142067372,0.006923077,NA,665.686973,47,2.191666667,270.4,8.89,16.52271484,23.059,0.02132563,105.8082192,5,5,344.8181818,7.398687715,4.499559414,266.8571429,3.695,0,168.2054795,5,NA,NA,17.21971026,10.70692863,262.3333333,1.393585444,1.7536,1.29,7.06,NA,1.050266984,45.16,0.51,1.129317981
DL,NA,9,Plant,109A,2,6/29/2021,19.32707733,0.004313725,0.0279,708.0092736,48.36666667,2.967,325.2,7.93,20.62555768,7.63,0.348475903,135.890411,5,5,357.4545455,8.001234327,5.297509872,711.0634921,13.231,0.003552937,251.0410959,17.70967742,41.38888889,146.6363636,23.65932567,13.00776737,501.0634921,2.745228413,1.672,1.6,7.08,1.302814007,1.752978635,NA,NA,NA
DL,NA,9,Plant,109B,2,6/29/2021,19.32707733,0.004313725,0.0279,708.0092736,48.36666667,2.967,325.2,7.93,20.62555768,7.63,0.348475903,135.890411,5,5,357.4545455,8.001234327,5.297509872,711.0634921,13.231,0.003552937,251.0410959,17.70967742,41.38888889,146.6363636,23.65932567,13.00776737,501.0634921,2.745228413,1.672,1.6,7.08,1.968461663,1.403710282,NA,NA,NA
DL,NA,9,Plant,109C,2,6/29/2021,19.32707733,0.004313725,0.0279,708.0092736,48.36666667,2.967,325.2,7.93,20.62555768,7.63,0.348475903,135.890411,5,5,357.4545455,8.001234327,5.297509872,711.0634921,13.231,0.003552937,251.0410959,17.70967742,41.38888889,146.6363636,23.65932567,13.00776737,501.0634921,2.745228413,1.672,1.6,7.08,3.194867958,1.944130671,NA,NA,NA
DL,NA,9,Sed,105A,2,6/29/2021,19.32707733,0.004313725,0.0279,708.0092736,48.36666667,2.967,325.2,7.93,20.62555768,7.63,0.348475903,135.890411,5,5,357.4545455,8.001234327,5.297509872,711.0634921,13.231,0.003552937,251.0410959,17.70967742,41.38888889,146.6363636,23.65932567,13.00776737,501.0634921,2.745228413,1.672,1.6,7.08,NA,1.418690827,40.22,0.67,1.665837892
DL,NA,9,Sed,105B,2,6/29/2021,19.32707733,0.004313725,0.0279,708.0092736,48.36666667,2.967,325.2,7.93,20.62555768,7.63,0.348475903,135.890411,5,5,357.4545455,8.001234327,5.297509872,711.0634921,13.231,0.003552937,251.0410959,17.70967742,41.38888889,146.6363636,23.65932567,13.00776737,501.0634921,2.745228413,1.672,1.6,7.08,NA,1.229097577,51.18,0.72,1.406799531
DL,NA,9,Sed,105C,2,6/29/2021,19.32707733,0.004313725,0.0279,708.0092736,48.36666667,2.967,325.2,7.93,20.62555768,7.63,0.348475903,135.890411,5,5,357.4545455,8.001234327,5.297509872,711.0634921,13.231,0.003552937,251.0410959,17.70967742,41.38888889,146.6363636,23.65932567,13.00776737,501.0634921,2.745228413,1.672,1.6,7.08,NA,1.193675147,42.92,0.78,1.817334576
DL,NA,9,NA,NA,1,6/1/2021,5.769490676,0.006923077,NA,665.686973,47,2.191666667,270.4,8.89,16.52271484,23.059,0.02132563,105.8082192,5,5,344.8181818,7.398687715,4.499559414,266.8571429,3.695,0,168.2054795,5,NA,NA,17.21971026,10.70692863,262.3333333,1.393585444,NA,NA,NA,NA,NA,NA,NA,NA
DL,NA,9,NA,NA,3,8/2/2021,9.271407015,0.10448,0.0637,638.3011101,71.86666667,34.35833333,387,8.2,24.28957546,10.08,0.708719158,148.2465753,5,5,183.6363636,10.47800948,7.002741425,1383.761905,19.733,NA,325.1232877,16.90322581,40.22222222,132.7272727,26.55837069,15.73287425,644.0793651,4.285000646,NA,NA,NA,NA,NA,NA,NA,NA
DL,NA,10,Plant,38A,3,8/2/2021,15.11987416,0.10448,0.0637,638.3011101,71.86666667,34.35833333,387,8.2,24.28957546,10.08,0.708719158,148.2465753,5,5,183.6363636,10.47800948,7.002741425,1383.761905,19.733,NA,325.1232877,16.90322581,40.22222222,132.7272727,26.55837069,15.73287425,644.0793651,4.285000646,1.2772,5.2,7.05,1.335250342,1.74974418,NA,NA,NA
DL,NA,10,Plant,38B,3,8/2/2021,15.11987416,0.10448,0.0637,638.3011101,71.86666667,34.35833333,387,8.2,24.28957546,10.08,0.708719158,148.2465753,5,5,183.6363636,10.47800948,7.002741425,1383.761905,19.733,NA,325.1232877,16.90322581,40.22222222,132.7272727,26.55837069,15.73287425,644.0793651,4.285000646,1.2772,5.2,7.05,0.909334103,1.419706246,NA,NA,NA
DL,NA,10,Plant,38C,3,8/2/2021,15.11987416,0.10448,0.0637,638.3011101,71.86666667,34.35833333,387,8.2,24.28957546,10.08,0.708719158,148.2465753,5,5,183.6363636,10.47800948,7.002741425,1383.761905,19.733,NA,325.1232877,16.90322581,40.22222222,132.7272727,26.55837069,15.73287425,644.0793651,4.285000646,1.2772,5.2,7.05,1.557179307,1.516896055,NA,NA,NA
DL,NA,10,Plant,98A,1,6/1/2021,4.565544504,0.006923077,NA,665.686973,47,2.191666667,270.4,8.89,16.52271484,23.059,0.02132563,105.8082192,5,5,344.8181818,7.398687715,4.499559414,266.8571429,3.695,0,168.2054795,5,NA,NA,17.21971026,10.70692863,262.3333333,1.393585444,NA,NA,NA,4.08781409,1.907726117,NA,NA,NA
DL,NA,10,Plant,98B,1,6/1/2021,4.565544504,0.006923077,NA,665.686973,47,2.191666667,270.4,8.89,16.52271484,23.059,0.02132563,105.8082192,5,5,344.8181818,7.398687715,4.499559414,266.8571429,3.695,0,168.2054795,5,NA,NA,17.21971026,10.70692863,262.3333333,1.393585444,NA,NA,NA,4.127949127,1.700528119,NA,NA,NA
DL,NA,10,Plant,98C,1,6/1/2021,4.565544504,0.006923077,NA,665.686973,47,2.191666667,270.4,8.89,16.52271484,23.059,0.02132563,105.8082192,5,5,344.8181818,7.398687715,4.499559414,266.8571429,3.695,0,168.2054795,5,NA,NA,17.21971026,10.70692863,262.3333333,1.393585444,NA,NA,NA,5.412143984,NA,NA,NA,NA
DL,NA,10,Sed,98A,3,8/2/2021,15.11987416,0.10448,0.0637,638.3011101,71.86666667,34.35833333,387,8.2,24.28957546,10.08,0.708719158,148.2465753,5,5,183.6363636,10.47800948,7.002741425,1383.761905,19.733,NA,325.1232877,16.90322581,40.22222222,132.7272727,26.55837069,15.73287425,644.0793651,4.285000646,1.2772,5.2,7.05,NA,1.206519608,12.84,0.75,5.841121495
DL,NA,10,Sed,98B,3,8/2/2021,15.11987416,0.10448,0.0637,638.3011101,71.86666667,34.35833333,387,8.2,24.28957546,10.08,0.708719158,148.2465753,5,5,183.6363636,10.47800948,7.002741425,1383.761905,19.733,NA,325.1232877,16.90322581,40.22222222,132.7272727,26.55837069,15.73287425,644.0793651,4.285000646,1.2772,5.2,7.05,NA,0.765602582,12.37,0.82,6.628940986
DL,NA,10,Sed,98C,3,8/2/2021,15.11987416,0.10448,0.0637,638.3011101,71.86666667,34.35833333,387,8.2,24.28957546,10.08,0.708719158,148.2465753,5,5,183.6363636,10.47800948,7.002741425,1383.761905,19.733,NA,325.1232877,16.90322581,40.22222222,132.7272727,26.55837069,15.73287425,644.0793651,4.285000646,1.2772,5.2,7.05,NA,0.992804593,40.69,0.86,2.113541411
DL,NA,10,NA,NA,2,6/29/2021,13.76951535,0.004313725,0.0279,708.0092736,48.36666667,2.967,325.2,7.93,20.62555768,7.63,0.348475903,135.890411,5,5,357.4545455,8.001234327,5.297509872,711.0634921,13.231,0.003552937,251.0410959,17.70967742,41.38888889,146.6363636,23.65932567,13.00776737,501.0634921,2.745228413,NA,NA,NA,NA,NA,NA,NA,NA
